company,rep_topic,rep_prob,T10_팀바팀부서편차,T11_보상연봉,T1_워라밸복지,T2_계약직전환,T3_업무강도편차,T4_열악한근무환경,T5_군대식조직문화,T6_비효율문서작업,T7_성장성부족,T8_사내정치불공정,T9_경영진문제,company_clean,company_info,산업,기업형태,사원수,설립일,company_norm,별점
(유)매나테크코리아,T1_워라밸복지,0.181818182,0.159090909,0.0909090909,0.181818182,0.0227272727,0.0454545455,0,0.0454545455,0.0909090909,0.0681818182,0.181818182,0.113636364,매나테크코리아,(유)매나테크코리아,판매유통,중소기업,40명,2004.02.25,매나테크코리아,2.454545455
(유)신원데이터넷,T10_팀바팀부서편차,0.212121212,0.212121212,0.0606060606,0.121212121,0,0.0606060606,0.0303030303,0.0303030303,0.0303030303,0.212121212,0.121212121,0.121212121,신원데이터넷,(유)신원데이터넷,판매유통,중소기업,19명,1993.10.02,신원데이터넷,2.666666667
(유)쿡메디칼코리아,T8_사내정치불공정,0.245614035,0.192982456,0.192982456,0.105263158,0,0.0701754386,0.0175438597,0.0175438597,0.052631579,0.105263158,0.245614035,0,쿡메디칼코리아,(유)쿡메디칼코리아,판매유통,중소기업,72명,2007.04.25,쿡메디칼코리아,2.767857143
(재)한국데이터산업진흥원,T8_사내정치불공정,0.217687075,0.210884354,0.0816326531,0.0884353741,0.0204081633,0.0816326531,0.0612244898,0.0612244898,0.0680272109,0.0476190476,0.217687075,0.0612244898,한국데이터산업진흥원,(재)한국데이터산업진흥원,협회/단체,-,-,1993.02.04,한국데이터산업진흥원,2.431506849
(주)가온데이터,T1_워라밸복지,0.271186441,0.101694915,0.220338983,0.271186441,0.0169491525,0.13559322,0.0508474576,0.0338983051,0.0508474576,0.0677966102,0.0169491525,0.0338983051,가온데이터,(주)가온데이터,네트워크/통신/모바일,중소기업,100명,2013.09.01,가온데이터,2.847457627
(주)나인후르츠미디어,T1_워라밸복지,0.228571429,0.214285714,0.114285714,0.228571429,0,0.0285714286,0.0428571429,0.0571428571,0.0428571429,0.157142857,0.0428571429,0.0714285714,나인후르츠미디어,(주)나인후르츠미디어,광고/홍보/전시,중소기업,49명,2001.01.31,나인후르츠미디어,3.128571429
(주)네일에이스,T1_워라밸복지,0.194444444,0.138888889,0.111111111,0.194444444,0,0.0277777778,0.111111111,0.0277777778,0.0833333333,0.0277777778,0.166666667,0.111111111,네일에이스,(주)네일에이스,금속/재료/철강/요업,-,22명,2004.08.19,네일에이스,1.5
(주)넥스트엔터테인먼트월드,T8_사내정치불공정,0.208791209,0.153846154,0.10989011,0.131868132,0,0.043956044,0.021978022,0.10989011,0.043956044,0.0769230769,0.208791209,0.0989010989,넥스트엔터테인먼트월드,(주)넥스트엔터테인먼트월드,영화/배급/음악,중견기업,49명,2008.07.01,넥스트엔터테인먼트월드,2.065934066
(주)노루페인트,T4_열악한근무환경,0.273333333,0.0733333333,0.04,0.12,0.00666666667,0.12,0.273333333,0.113333333,0.00666666667,0.0733333333,0.126666667,0.0466666667,노루페인트,(주)노루페인트,석유/화학/에너지,대기업,670명,2006.06.01,노루페인트,2.606666667
(주)노르마,T7_성장성부족,0.280701754,0.0877192982,0.122807018,0.192982456,0,0.0701754386,0.0701754386,0,0.0175438597,0.280701754,0,0.157894737,노르마,(주)노르마,솔루션/SI/ERP/CRM,-,2명,2011.10.12,노르마,2.701754386
(주)다올저축은행,T8_사내정치불공정,0.24,0.16,0.186666667,0.12,0,0.08,0.0666666667,0.0266666667,0,0.0533333333,0.24,0.0666666667,다올저축은행,(주)다올저축은행,은행/금융/저축,대기업,203명,1972.12.20,다올저축은행,2.946666667
(주)다이나믹디자인,T1_워라밸복지,0.353333333,0.08,0.06,0.353333333,0.00666666667,0.0866666667,0.08,0.0533333333,0.0266666667,0.126666667,0.1,0.0266666667,다이나믹디자인,(주)다이나믹디자인,기계/설비/자동차,중소기업,340명,1999.04.02,다이나믹디자인,1.986666667
(주)다인내추럴,T1_워라밸복지,0.631578947,0.052631579,0,0.631578947,0,0.105263158,0.052631579,0,0,0.105263158,0.052631579,0,다인내추럴,(주)다인내추럴,식품가공/개발,-,20명,2005.01.01,다인내추럴,1.684210526
(주)다인누리,T10_팀바팀부서편차,0.388888889,0.388888889,0.0555555556,0.277777778,0,0.0555555556,0.111111111,0,0,0.0555555556,0.0555555556,0,다인누리,(주)다인누리,판매유통,중소기업,32명,2013.01.01,다인누리,4.277777778
(주)다임즈,T11_보상연봉,0.175438596,0.0877192982,0.175438596,0.105263158,0.0175438597,0.105263158,0.0701754386,0.0175438597,0.0877192982,0.105263158,0.0701754386,0.157894737,다임즈,(주)다임즈,솔루션/SI/ERP/CRM,중소기업,48명,2002.12.10,다임즈,2.614035088
(주)대양금속,T4_열악한근무환경,0.227272727,0.0681818182,0,0.181818182,0,0.136363636,0.227272727,0.0454545455,0,0.159090909,0.113636364,0.0681818182,대양금속,(주)대양금속,금속/재료/철강/요업,중견기업,219명,1973.08.22,대양금속,2.113636364
(주)대한항공,T1_워라밸복지,0.166666667,0.12,0.14,0.166666667,0,0.0933333333,0.14,0.12,0,0.0733333333,0.12,0.0266666667,대한항공,(주)대한항공,운송/운수/물류,대기업,"18,508명",1962.06.19,대한항공,3.58
(주)더큐브시스템,T11_보상연봉,0.4,0.1,0.4,0.15,0,0.05,0,0,0,0.05,0.1,0.15,더큐브시스템,(주)더큐브시스템,금속/재료/철강/요업,-,-,2016.04.21,더큐브시스템,1.25
(주)데어리젠,T4_열악한근무환경,0.219512195,0.121951219,0.0975609756,0.170731707,0,0.0487804878,0.219512195,0.0487804878,0,0.146341463,0.0975609756,0.0487804878,데어리젠,(주)데어리젠,식품가공/개발,-,110명,2002.08.20,데어리젠,2.829268293
(주)데이터노우즈,T9_경영진문제,0.307692308,0.0384615385,0.269230769,0.115384615,0,0.0384615385,0,0.0384615385,0,0.115384615,0.0769230769,0.307692308,데이터노우즈,(주)데이터노우즈,포털/인터넷/콘텐츠,-,-,2019.05.24,데이터노우즈,2.346153846
(주)데이터누리,T3_업무강도편차,0.192307692,0.192307692,0,0.115384615,0,0.192307692,0.0384615385,0,0.192307692,0.0769230769,0.153846154,0.0384615385,데이터누리,(주)데이터누리,솔루션/SI/ERP/CRM,-,-,2018.10.25,데이터누리,2.72
(주)데이터독코리아,T8_사내정치불공정,0.35,0.15,0,0,0,0.25,0.05,0.05,0.05,0.05,0.35,0.05,데이터독코리아,(주)데이터독코리아,솔루션/SI/ERP/CRM,-,-,-,데이터독코리아,2.9
(주)데이터로직스,T1_워라밸복지,0.282051282,0.102564103,0.0512820513,0.282051282,0,0.205128205,0,0,0.0256410256,0.0512820513,0.0512820513,0.230769231,데이터로직스,(주)데이터로직스,솔루션/SI/ERP/CRM,-,-,2013.03.19,데이터로직스,1.461538462
(주)데이터마케팅코리아,T9_경영진문제,0.233333333,0.133333333,0.0833333333,0.0333333333,0.0166666667,0.15,0.0166666667,0.0166666667,0.0166666667,0.133333333,0.166666667,0.233333333,데이터마케팅코리아,(주)데이터마케팅코리아,IT컨설팅,-,-,2017.03.14,데이터마케팅코리아,2.016666667
(주)데이터메이커,T8_사내정치불공정,0.152173913,0.130434783,0.0434782609,0.130434783,0,0.130434783,0.130434783,0.0434782609,0.0217391304,0.108695652,0.152173913,0.108695652,데이터메이커,(주)데이터메이커,솔루션/SI/ERP/CRM,중소기업,47명,2018.10.24,데이터메이커,3.422222222
(주)데이터블,T9_경영진문제,0.153846154,0.115384615,0.0769230769,0.115384615,0.0384615385,0.0769230769,0,0.0384615385,0.115384615,0.153846154,0.115384615,0.153846154,데이터블,(주)데이터블,포털/인터넷/콘텐츠,-,-,2016.08.01,데이터블,3.153846154
(주)데이터에듀,T1_워라밸복지,0.210526316,0.052631579,0.105263158,0.210526316,0,0.131578947,0.052631579,0,0.0263157895,0.184210526,0.184210526,0.052631579,데이터에듀,(주)데이터에듀,포털/인터넷/콘텐츠,-,-,2019.02.01,데이터에듀,2.184210526
(주)데이터월드,T10_팀바팀부서편차,0.434782609,0.434782609,0.0434782609,0.173913044,0,0,0,0,0.0434782609,0.0434782609,0.217391304,0.0434782609,데이터월드,(주)데이터월드,솔루션/SI/ERP/CRM,중소기업,-,2007.02.13,데이터월드,3.260869565
(주)덴츠크리에이티브코리아,T8_사내정치불공정,0.223214286,0.107142857,0.0803571429,0.151785714,0,0.0357142857,0.0714285714,0.0892857143,0.0446428571,0.125,0.223214286,0.0714285714,덴츠크리에이티브코리아,(주)덴츠크리에이티브코리아,광고/홍보/전시,중소기업,75명,1999.03.03,덴츠크리에이티브코리아,2.633928571
(주)돌실나이,T1_워라밸복지,0.24137931,0.0689655172,0.172413793,0.24137931,0,0.103448276,0.206896552,0.0344827586,0.0689655172,0.0689655172,0,0.0344827586,돌실나이,(주)돌실나이,섬유/의류/패션,-,27명,1999.06.30,돌실나이,2.24137931
(주)동아일보사,T10_팀바팀부서편차,0.2,0.2,0.146666667,0.14,0.0333333333,0.0666666667,0.06,0.1,0.0466666667,0.0666666667,0.126666667,0.0133333333,동아일보사,(주)동아일보사,신문/잡지/언론사,대기업,706명,1920.04.01,동아일보사,3.246666667
(주)두산테스나,T1_워라밸복지,0.206666667,0.02,0.12,0.206666667,0.02,0.106666667,0.2,0.08,0.02,0.06,0.146666667,0.02,두산테스나,(주)두산테스나,석유/화학/에너지,중소기업,289명,2002.09.06,두산테스나,2.906666667
(주)디앤오,T1_워라밸복지,0.22,0.12,0.12,0.22,0.02,0.06,0.12,0.06,0.02,0.14,0.08,0.04,디앤오,,,,,,디앤오,3.32
(주)디에스브이에어앤씨,T8_사내정치불공정,0.22972973,0.121621622,0.0540540541,0.121621622,0,0.141891892,0.0405405405,0.0472972973,0.168918919,0.027027027,0.22972973,0.0472972973,디에스브이에어앤씨,(주)디에스브이에어앤씨,운송/운수/물류,중소기업,62명,1997.11.24,디에스브이에어앤씨,2.013513514
(주)라이트브레인,T10_팀바팀부서편차,0.248,0.248,0.08,0.2,0,0.2,0.056,0.056,0,0.048,0.096,0.016,라이트브레인,(주)라이트브레인,솔루션/SI/ERP/CRM,대기업 계열사/자회사,81명,2006.10.25,라이트브레인,3.608
(주)라이프디테일,T9_경영진문제,0.523809524,0.0476190476,0.0952380952,0.190476191,0,0.0952380952,0,0,0,0.0476190476,0,0.523809524,라이프디테일,(주)라이프디테일,판매유통,중소기업,-,2015.07.24,라이프디테일,1.666666667
(주)로그윈에어앤오션코리아,T10_팀바팀부서편차,0.25,0.25,0.15,0.175,0,0.025,0.15,0.025,0.05,0.1,0.075,0,로그윈에어앤오션코리아,(주)로그윈에어앤오션코리아,운송/운수/물류,-,22명,2003.01.01,로그윈에어앤오션코리아,2.4
(주)로봇플러스,T9_경영진문제,0.375,0.15625,0.03125,0.0625,0,0.125,0.09375,0,0.03125,0.0625,0.0625,0.375,로봇플러스,(주)로봇플러스,기계/설비/자동차,-,24명,2007.02.22,로봇플러스,1.53125
(주)리본즈,T1_워라밸복지,0.230769231,0.21978022,0.043956044,0.230769231,0.021978022,0.10989011,0.010989011,0.043956044,0.021978022,0.0989010989,0.0879120879,0.10989011,리본즈,(주)리본즈,쇼핑몰/오픈마켓,중소기업,84명,2009.05.28,리본즈,2.945054945
(주)리얼게인,T1_워라밸복지,0.275862069,0.137931034,0.137931034,0.275862069,0,0.103448276,0.172413793,0,0.0344827586,0.103448276,0.0344827586,0,리얼게인,(주)리얼게인,전기/전자/제어,중소기업,80명,1999.08.19,리얼게인,2.655172414
(주)리테일테크,T1_워라밸복지,0.333333333,0.0303030303,0.0909090909,0.333333333,0,0,0.121212121,0.0606060606,0,0.151515152,0.151515152,0.0606060606,리테일테크,(주)리테일테크,솔루션/SI/ERP/CRM,-,49명,2003.07.09,리테일테크,2.060606061
(주)마더브레인,T1_워라밸복지,0.293333333,0.0466666667,0.0733333333,0.293333333,0,0.153333333,0.0666666667,0.0266666667,0.1,0.04,0.106666667,0.0933333333,마더브레인,(주)마더브레인,광고/홍보/전시,중소기업,37명,2009.03.05,마더브레인,2.506666667
(주)마크로밀엠브레인,T1_워라밸복지,0.266666667,0.14,0.0666666667,0.266666667,0.02,0.18,0.0666666667,0.0133333333,0.06,0.02,0.106666667,0.06,마크로밀엠브레인,(주)마크로밀엠브레인,연구소/컨설팅/조사,외국계 (외국 투자기업),237명,1999.03.25,마크로밀엠브레인,2.586666667
(주)메가인포경영자문그룹,T9_경영진문제,0.333333333,0.0666666667,0,0.166666667,0.0333333333,0.2,0,0,0.0666666667,0.0666666667,0.0666666667,0.333333333,메가인포경영자문그룹,(주)메가인포경영자문그룹,기타 서비스업,중소기업,300명,2013.12.10,메가인포경영자문그룹,2.633333333
(주)메인라인,T9_경영진문제,0.210526316,0.0789473684,0.0263157895,0.131578947,0,0.0263157895,0.052631579,0,0.210526316,0.105263158,0.157894737,0.210526316,메인라인,(주)메인라인,솔루션/SI/ERP/CRM,중소기업,43명,2005.02.28,메인라인,2.454545455
(주)메일플러그,T8_사내정치불공정,0.2421875,0.1875,0.03125,0.1171875,0.015625,0.109375,0.03125,0.0390625,0.0546875,0.0859375,0.2421875,0.0859375,메일플러그,(주)메일플러그,솔루션/SI/ERP/CRM,중소기업,100명,2001.10.10,메일플러그,2.543307087
(주)바이오인프라생명과학,T7_성장성부족,0.4,0.0285714286,0.0285714286,0.0571428571,0,0.0571428571,0.0571428571,0.0571428571,0,0.4,0.171428571,0.142857143,바이오인프라생명과학,(주)바이오인프라생명과학,제약/보건/바이오,중소기업,40명,2001.02.01,바이오인프라생명과학,2.942857143
(주)백산린텍스,T4_열악한근무환경,0.3,0.05,0,0.25,0,0.1,0.3,0,0,0.2,0.1,0,백산린텍스,(주)백산린텍스,섬유/의류/패션,-,131명,1994.04.25,백산린텍스,2.05
(주)백세식단연구소,T1_워라밸복지,0.275,0.025,0.15,0.275,0.025,0.125,0.025,0,0.05,0.075,0.075,0.175,백세식단연구소,(주)백세식단연구소,식품가공/개발,-,-,2019.08.28,백세식단연구소,1.55
(주)베네통코리아,T11_보상연봉,0.202702703,0.182432432,0.202702703,0.162162162,0.00675675676,0.0472972973,0.0472972973,0.0540540541,0.0337837838,0.0675675676,0.101351351,0.0945945946,베네통코리아,(주)베네통코리아,섬유/의류/패션,중소기업,177명,1991.04.01,베네통코리아,2.324324324
(주)베스툴,T11_보상연봉,0.333333333,0.0555555556,0.333333333,0.277777778,0,0.0277777778,0.138888889,0,0.0277777778,0.0555555556,0.0833333333,0,베스툴,(주)베스툴,가구/목재/제지,-,100명,-,베스툴,2.111111111
(주)벡터코리아아이티,T10_팀바팀부서편차,0.369565217,0.369565217,0.195652174,0.108695652,0,0.0869565217,0.0434782609,0.0434782609,0.0217391304,0.0434782609,0.0652173913,0.0217391304,벡터코리아아이티,(주)벡터코리아아이티,기타 IT/웹/통신,외국계 (외국 투자기업),95명,2007.09.28,벡터코리아아이티,4.043478261
(주)블루마운틴소프트,T1_워라밸복지,0.387096774,0.225806452,0.193548387,0.387096774,0,0,0,0.064516129,0,0,0.064516129,0.064516129,블루마운틴소프트,(주)블루마운틴소프트,전기/전자/제어,-,7명,1999.04.17,블루마운틴소프트,2.612903226
(주)비엔알아이,T10_팀바팀부서편차,0.28125,0.28125,0.15625,0.09375,0,0.09375,0,0,0.03125,0.25,0.03125,0.0625,비엔알아이,(주)비엔알아이,연구소/컨설팅/조사,중소기업,12명,2007.06.19,비엔알아이,2.5625
(주)비엠코리아,T1_워라밸복지,0.294871795,0.0384615385,0.166666667,0.294871795,0,0.0641025641,0.0512820513,0.0128205128,0.0128205128,0.0769230769,0.0256410256,0.256410256,비엠코리아,(주)비엠코리아,기계/설비/자동차,중소기업,-,2007.04.11,비엠코리아,1.564102564
(주)비즈데이터,T8_사내정치불공정,0.387096774,0.129032258,0.064516129,0.129032258,0,0.0967741935,0,0.0322580645,0.0322580645,0.0967741935,0.387096774,0.0322580645,비즈데이터,(주)비즈데이터,솔루션/SI/ERP/CRM,중소기업,58명,2014.06.01,비즈데이터,2.35483871
(주)비지에이치코리아,T11_보상연봉,0.28125,0.15625,0.28125,0.125,0,0.03125,0.09375,0.03125,0.03125,0.0625,0.125,0.0625,비지에이치코리아,(주)비지에이치코리아,호텔/여행/항공,중소기업,197명,2001.01.10,비지에이치코리아,1.96875
(주)비지에프리테일,T3_업무강도편차,0.2,0.146666667,0.126666667,0.133333333,0.00666666667,0.2,0.14,0.04,0.0133333333,0.0466666667,0.12,0.0266666667,비지에프리테일,(주)비지에프리테일,판매유통,대기업,1610명,2017.11.01,비지에프리테일,3.373333333
(주)빅크,T3_업무강도편차,0.333333333,0.111111111,0,0.166666667,0,0.333333333,0,0,0.0555555556,0.166666667,0.0555555556,0.111111111,빅크,빅크,솔루션/SI/ERP/CRM,중소기업,59명,2021.05.20,빅크,3.277777778
(주)산하정보기술,T11_보상연봉,0.213114754,0.0491803279,0.213114754,0.213114754,0,0.180327869,0.0327868853,0.0655737705,0.0491803279,0.0819672131,0.0655737705,0.0491803279,산하정보기술,(주)산하정보기술,솔루션/SI/ERP/CRM,중소기업,-,1994.12.09,산하정보기술,2.950819672
(주)샌즈랩,T1_워라밸복지,0.260869565,0.130434783,0,0.260869565,0.0217391304,0.195652174,0.0869565217,0,0.0217391304,0.0869565217,0.130434783,0.0652173913,샌즈랩,(주)샌즈랩,솔루션/SI/ERP/CRM,중소기업,50명,2004.11.01,샌즈랩,2.891304348
(주)서울경제신문,T8_사내정치불공정,0.254545454,0.154545455,0.0909090909,0.1,0.0727272727,0.0545454545,0.0818181818,0.0818181818,0.0181818182,0.0636363636,0.254545454,0.0272727273,서울경제신문,(주)서울경제신문,신문/잡지/언론사,중소기업,249명,1990.01.03,서울경제신문,3.163636364
(주)세바로지스틱스코리아,T1_워라밸복지,0.213483146,0.191011236,0.0674157303,0.213483146,0,0.0674157303,0.0561797753,0.0449438202,0.134831461,0.0674157303,0.112359551,0.0449438202,세바로지스틱스코리아,(주)세바로지스틱스코리아,운송/운수/물류,외국계 (외국 법인기업),102명,1996.05.01,세바로지스틱스코리아,2.719101124
(주)소니인터랙티브엔터테인먼트코리아,T10_팀바팀부서편차,0.198275862,0.198275862,0.155172414,0.155172414,0.103448276,0.0689655172,0.00862068965,0.0862068965,0.0517241379,0.0862068965,0.0689655172,0.0172413793,소니인터랙티브엔터테인먼트코리아,(주)소니인터랙티브엔터테인먼트코리아,판매유통,외국계 (외국 투자기업),141명,2001.12.08,소니인터랙티브엔터테인먼트코리아,3.431034483
(주)슈퍼브에이아이,T3_업무강도편차,0.285714286,0.261904762,0.0238095238,0.0714285714,0,0.285714286,0,0.0476190476,0.0476190476,0.0952380952,0.0952380952,0.0714285714,슈퍼브에이아이,(주)슈퍼브에이아이,솔루션/SI/ERP/CRM,중소기업,0명,2018.04.23,슈퍼브에이아이,3.952380952
(주)슈프리마에이치큐,T1_워라밸복지,0.175572519,0.0992366412,0.13740458,0.175572519,0.0152671756,0.122137405,0.0687022901,0.0229007634,0.0763358779,0.0305343511,0.167938931,0.0839694657,슈프리마에이치큐,(주)슈프리마에이치큐,전기/전자/제어,대기업,134명,2000.05.04,슈프리마에이치큐,2.297709924
(주)스코넥엔터테인먼트,T1_워라밸복지,0.195876289,0.12371134,0.0927835052,0.195876289,0,0.164948454,0.0515463917,0,0.0515463917,0.103092783,0.0824742268,0.134020619,스코넥엔터테인먼트,(주)스코넥엔터테인먼트,게임,중소기업,130명,2002.04.16,스코넥엔터테인먼트,2.474226804
(주)스튜디오인요,T11_보상연봉,0.416666667,0.0833333333,0.416666667,0.25,0,0.0833333333,0.0416666667,0,0,0.0833333333,0,0.0416666667,스튜디오인요,(주)스튜디오인요,렌탈/임대,중소기업,-,2016.01.13,스튜디오인요,1.5
(주)스트래티직마케팅,T1_워라밸복지,0.238095238,0.166666667,0.142857143,0.238095238,0,0.0476190476,0.119047619,0.0238095238,0.0238095238,0.0952380952,0.0714285714,0.0714285714,스트래티직마케팅,(주)스트래티직마케팅,광고/홍보/전시,중소기업,20명,1999.04.28,스트래티직마케팅,2.285714286
(주)신한디에스,T1_워라밸복지,0.18,0.146666667,0.173333333,0.18,0.02,0.1,0.0533333333,0.0533333333,0.0133333333,0.08,0.12,0.06,신한디에스,(주)신한디에스,솔루션/SI/ERP/CRM,대기업,807명,1991.06.01,신한디에스,2.94
(주)씨씨미디어서비스,T1_워라밸복지,0.22,0.1,0.08,0.22,0,0.1,0.04,0,0.06,0.1,0.12,0.18,씨씨미디어서비스,(주)씨씨미디어서비스,솔루션/SI/ERP/CRM,-,15명,2010.10.07,씨씨미디어서비스,2.08
(주)아로마티카,T8_사내정치불공정,0.344086022,0.193548387,0.0107526882,0.0215053763,0,0.0215053763,0.150537634,0.0215053763,0.0322580645,0.0322580645,0.344086022,0.172043011,아로마티카,(주)아로마티카,화장품/뷰티,중소기업,146명,2004.03.15,아로마티카,2.22826087
(주)아성다이소,T1_워라밸복지,0.286666667,0.0933333333,0.0466666667,0.286666667,0.0266666667,0.14,0.14,0.04,0.06,0.04,0.0666666667,0.06,아성다이소,(주)아성다이소,판매유통,중견기업,"12,225명",1992.02.01,아성다이소,3.033333333
(주)아스트,T7_성장성부족,0.153333333,0.0933333333,0.08,0.126666667,0,0.12,0.106666667,0.0333333333,0.0666666667,0.153333333,0.0733333333,0.146666667,아스트,(주)아스트,조선/항공/우주,중소기업,543명,2001.04.20,아스트,2.02
(주)아이마켓코리아,T7_성장성부족,0.193333333,0.146666667,0.126666667,0.0933333333,0.0133333333,0.0666666667,0.08,0.08,0.0466666667,0.193333333,0.113333333,0.04,아이마켓코리아,(주)아이마켓코리아,유통/무역/상사,중견기업,450명,2000.12.08,아이마켓코리아,3.173333333
(주)아이엠데이터시스템,T11_보상연봉,0.291666667,0.114583333,0.291666667,0.125,0.0104166667,0.09375,0.177083333,0.0208333333,0.03125,0.0416666667,0.0416666667,0.0520833333,아이엠데이터시스템,(주)아이엠데이터시스템,IT컨설팅,-,-,2012.04.09,아이엠데이터시스템,2.697916667
(주)아이피케이,T3_업무강도편차,0.169230769,0.0923076923,0.0923076923,0.138461539,0.0307692308,0.169230769,0.153846154,0.0307692308,0,0.123076923,0.107692308,0.0615384615,아이피케이,(주)아이피케이,석유/화학/에너지,대기업,439명,1980.11.01,아이피케이,3.076923077
(주)아인교육,T1_워라밸복지,0.366666667,0.0333333333,0.0666666667,0.366666667,0,0.133333333,0.133333333,0.0333333333,0.1,0.0666666667,0.0333333333,0.0333333333,아인교육,(주)아인교육,전문/기능학원,-,20명,2012.09.01,아인교육,2.133333333
(주)아하,T1_워라밸복지,0.21,0.18,0.09,0.21,0,0.08,0.17,0.01,0.05,0.04,0.1,0.07,아하,(주)아하,전기/전자/제어,-,85명,1999.06.09,아하,2.09
(주)에스엠엔터테인먼트,T8_사내정치불공정,0.253333333,0.106666667,0.0533333333,0.166666667,0,0.193333333,0.0466666667,0.0466666667,0.0333333333,0.06,0.253333333,0.04,에스엠엔터테인먼트,(주)에스엠엔터테인먼트,영화/배급/음악,대기업,264명,1995.02.14,에스엠엔터테인먼트,2.666666667
(주)에스와이에스리테일,T8_사내정치불공정,0.146666667,0.0933333333,0.0933333333,0.12,0,0.126666667,0.0866666667,0.0466666667,0.0133333333,0.14,0.146666667,0.133333333,에스와이에스리테일,(주)에스와이에스리테일,판매유통,대기업,634명,1963.12.07,에스와이에스리테일,2.26
(주)에어키,T7_성장성부족,0.2,0.175,0.05,0.1,0,0.1,0.175,0,0,0.2,0.125,0.075,에어키,(주)에어키,네트워크/통신/모바일,중소기업,80명,2002.01.15,에어키,2.425
(주)에이아이솔루션,T1_워라밸복지,0.25,0.142857143,0,0.25,0,0.25,0.214285714,0,0,0.0357142857,0.0357142857,0.0714285714,에이아이솔루션,(주)에이아이솔루션,전기/전자/제어,중소기업,45명,2005.07.29,에이아이솔루션,2.642857143
(주)에이아이오,T10_팀바팀부서편차,0.205128205,0.205128205,0.0256410256,0.205128205,0,0.128205128,0.0769230769,0.0256410256,0,0.102564103,0.17948718,0.0512820513,에이아이오,(주)에이아이오,반도체/광학/디스플레이,중소기업,53명,2011.06.16,에이아이오,2.538461538
(주)에이에이아이헬스케어,T9_경영진문제,0.28125,0.125,0.09375,0.0625,0,0,0.03125,0.03125,0.03125,0.125,0.21875,0.28125,에이에이아이헬스케어,(주)에이에이아이헬스케어,포털/인터넷/콘텐츠,중소기업,-,-,에이에이아이헬스케어,1.6875
(주)에프에스코리아,T1_워라밸복지,0.25,0.05,0.2,0.25,0,0.1,0.05,0.05,0.1,0.05,0.05,0.1,에프에스코리아,(주)에프에스코리아,생활용품/소비재/사무,-,50명,1991.10.02,에프에스코리아,2.8
(주)에프엔씨엔터테인먼트,T8_사내정치불공정,0.206896552,0.0827586207,0.0827586207,0.15862069,0.00689655172,0.131034483,0.075862069,0.0206896552,0.103448276,0.0344827586,0.206896552,0.0965517241,에프엔씨엔터테인먼트,(주)에프엔씨엔터테인먼트,공연/예술/문화,-,-,2006.12.14,에프엔씨엔터테인먼트,2.096551724
(주)엔씨아이티에스,T1_워라밸복지,0.170454545,0.159090909,0.102272727,0.170454545,0.0454545455,0.136363636,0.0681818182,0.0227272727,0.0568181818,0.102272727,0.0909090909,0.0454545455,엔씨아이티에스,(주)엔씨아이티에스,솔루션/SI/ERP/CRM,중소기업,90명,1996.10.26,엔씨아이티에스,2.715909091
(주)엔에이치엔데이터,T11_보상연봉,0.224489796,0.12244898,0.224489796,0.0612244898,0,0.0612244898,0.0408163265,0,0.0612244898,0.204081633,0.163265306,0.0612244898,엔에이치엔데이터,(주)엔에이치엔데이터,포털/인터넷/콘텐츠,-,17명,2004.08.16,엔에이치엔데이터,3.163265306
(주)엔티티코리아솔루션즈,T10_팀바팀부서편차,0.265306122,0.265306122,0.0408163265,0.12244898,0,0.163265306,0.0612244898,0,0.0816326531,0.0408163265,0.142857143,0.0816326531,엔티티코리아솔루션즈,(주)엔티티코리아솔루션즈,IT컨설팅,-,78명,1992.05.30,엔티티코리아솔루션즈,2.163265306
(주)엘비즈코리아,T1_워라밸복지,0.277777778,0.194444444,0.0277777778,0.277777778,0,0.111111111,0.0555555556,0.0277777778,0.0277777778,0.0555555556,0.138888889,0.0833333333,엘비즈코리아,(주)엘비즈코리아,광고/홍보/전시,중소기업,20명,2003.02.14,엘비즈코리아,2.257142857
(주)오미아코리아,T10_팀바팀부서편차,0.229508197,0.229508197,0.131147541,0.114754098,0,0.0163934426,0.147540984,0.0655737705,0.0491803279,0.147540984,0.0655737705,0.0327868853,오미아코리아,(주)오미아코리아,석유/화학/에너지,-,145명,1971.09.28,오미아코리아,2.721311475
(주)와이브레인,T7_성장성부족,0.289473684,0.0789473684,0,0.0789473684,0,0.184210526,0.0263157895,0.052631579,0,0.289473684,0.052631579,0.236842105,와이브레인,(주)와이브레인,기타 의료/제약/복지,중소기업,40명,2013.02.01,와이브레인,3.078947368
(주)와이지엔터테인먼트,T8_사내정치불공정,0.186666667,0.16,0.0933333333,0.1,0.00666666667,0.113333333,0.0333333333,0.06,0.00666666667,0.0533333333,0.186666667,0.186666667,와이지엔터테인먼트,(주)와이지엔터테인먼트,영화/배급/음악,중소기업,207명,1998.02.24,와이지엔터테인먼트,2.38
(주)우진플라임,T1_워라밸복지,0.266666667,0.04,0.166666667,0.266666667,0,0.02,0.206666667,0.00666666667,0.0266666667,0.12,0.0866666667,0.06,우진플라임,(주)우진플라임,기계/설비/자동차,중견기업,580명,1985.04.20,우진플라임,2.066666667
(주)월향,T8_사내정치불공정,0.186440678,0.118644068,0.13559322,0.169491525,0,0.0847457627,0.0508474576,0.0677966102,0.0169491525,0.0169491525,0.186440678,0.152542373,월향,(주)월향,외식업/식음료,-,-,2012.12.13,월향,2.033898305
(주)위메이드,T9_경영진문제,0.233333333,0.113333333,0.0333333333,0.12,0,0.0933333333,0.06,0.06,0.0133333333,0.0466666667,0.226666667,0.233333333,위메이드,(주)위메이드,게임,대기업,"1,128명",2000.02.10,위메이드,2.58
(주)윙스풋,T4_열악한근무환경,0.2,0.173333333,0.08,0.12,0,0.0933333333,0.2,0,0.0533333333,0.04,0.0533333333,0.186666667,윙스풋,(주)윙스풋,판매유통,중소기업,70명,2019.09.02,윙스풋,2.52
(주)유니베라,T7_성장성부족,0.263888889,0.131944444,0.104166667,0.0277777778,0,0.0347222222,0.0555555556,0.0625,0.0208333333,0.263888889,0.0763888889,0.222222222,유니베라,(주)유니베라,식품가공/개발,중소기업,114명,2000.05.01,유니베라,2.3125
(주)유밥,T10_팀바팀부서편차,0.180327869,0.180327869,0.0737704918,0.172131147,0,0.0901639344,0.147540984,0.0327868853,0.0573770492,0.0655737705,0.0655737705,0.114754098,유밥,(주)유밥,솔루션/SI/ERP/CRM,중소기업,106명,2010.03.05,유밥,2.557377049
(주)유인컴퍼니,T1_워라밸복지,0.434782609,0.130434783,0,0.434782609,0,0.130434783,0,0,0,0,0.217391304,0.0869565217,유인컴퍼니,(주)유인컴퍼니,섬유/의류/패션,-,-,2015.04.20,유인컴퍼니,2.434782609
(주)이랜드리테일,T1_워라밸복지,0.166666667,0.1,0.146666667,0.166666667,0.0333333333,0.0933333333,0.1,0.0466666667,0.0333333333,0.113333333,0.0933333333,0.0733333333,이랜드리테일,(주)이랜드리테일,판매유통,대기업,"4,212명",1978.12.22,이랜드리테일,2.806666667
(주)이마트에브리데이,T1_워라밸복지,0.24,0.0933333333,0.126666667,0.24,0.02,0.173333333,0.0866666667,0.02,0.0533333333,0.0866666667,0.0933333333,0.00666666667,이마트에브리데이,(주)이마트에브리데이,판매유통,대기업,857명,1974.07.11,이마트에브리데이,2.773333333
(주)이메인텍,T10_팀바팀부서편차,0.265306122,0.265306122,0.224489796,0.12244898,0.0204081633,0.0612244898,0.0816326531,0.0816326531,0.0612244898,0.0816326531,0,0,이메인텍,(주)이메인텍,솔루션/SI/ERP/CRM,중소기업,35명,1999.01.06,이메인텍,3.204081633
(주)이지스헬스케어,T8_사내정치불공정,0.260869565,0.0434782609,0.130434783,0.217391304,0,0.0434782609,0.0434782609,0.130434783,0,0.0434782609,0.260869565,0.0869565217,이지스헬스케어,(주)이지스헬스케어,솔루션/SI/ERP/CRM,중소기업,142명,2017.02.10,이지스헬스케어,2.739130435
(주)이투컬렉션,T1_워라밸복지,0.259259259,0.148148148,0.185185185,0.259259259,0.037037037,0.0740740741,0,0.0740740741,0,0.037037037,0.037037037,0.148148148,이투컬렉션,(주)이투컬렉션,판매유통,중소기업,36명,-,이투컬렉션,1.925925926
(주)이호스트아이씨티,T10_팀바팀부서편차,0.265060241,0.265060241,0.156626506,0.0843373494,0.0120481928,0.0722891566,0.0240963855,0.0240963855,0.0843373494,0.168674699,0.0602409639,0.0481927711,이호스트아이씨티,(주)이호스트아이씨티,네트워크/통신/모바일,중소기업,33명,2004.11.01,이호스트아이씨티,3.256097561
(주)잉카인터넷,T10_팀바팀부서편차,0.198630137,0.198630137,0.198630137,0.143835616,0,0.0342465753,0.095890411,0.0136986301,0.0273972603,0.136986301,0.116438356,0.0342465753,잉카인터넷,(주)잉카인터넷,솔루션/SI/ERP/CRM,중소기업,178명,2000.02.03,잉카인터넷,2.5
(주)자이트솔루션,T11_보상연봉,0.375,0.0833333333,0.375,0.208333333,0.0416666667,0.0833333333,0.0625,0,0,0.0625,0.0833333333,0,자이트솔루션,(주)자이트솔루션,솔루션/SI/ERP/CRM,중소기업,69명,1993.12.18,자이트솔루션,2.979166667
(주)제노레이,T1_워라밸복지,0.368,0.08,0.064,0.368,0,0.08,0.096,0.048,0.072,0.072,0.056,0.064,제노레이,(주)제노레이,기계/설비/자동차,중소기업,395명,2001.04.12,제노레이,2.664
(주)제이씨패밀리,T1_워라밸복지,0.153333333,0.126666667,0.0933333333,0.153333333,0.00666666667,0.0933333333,0.0866666667,0.08,0.0533333333,0.1,0.146666667,0.06,제이씨패밀리,(주)제이씨패밀리,섬유/의류/패션,대기업,470명,1999.10.21,제이씨패밀리,2.733333333
(주)제이와이피엔터테인먼트,T10_팀바팀부서편차,0.213333333,0.213333333,0.0466666667,0.206666667,0,0.193333333,0.0666666667,0.0333333333,0.0733333333,0.0266666667,0.106666667,0.0333333333,제이와이피엔터테인먼트,(주)제이와이피엔터테인먼트,영화/배급/음악,중소기업,96명,1996.04.25,제이와이피엔터테인먼트,2.713333333
(주)제이컬렉션,T7_성장성부족,0.222222222,0.185185185,0.166666667,0.148148148,0,0.0740740741,0.0185185185,0.037037037,0.0555555556,0.222222222,0.037037037,0.0555555556,제이컬렉션,(주)제이컬렉션,판매유통,중소기업,75명,2012.12.25,제이컬렉션,2.698113208
(주)제이케이데이터시스템즈,T1_워라밸복지,0.390243902,0.121951219,0.243902439,0.390243902,0.0243902439,0.0487804878,0.0487804878,0,0,0.0975609756,0,0.0243902439,제이케이데이터시스템즈,(주)제이케이데이터시스템즈,솔루션/SI/ERP/CRM,중소기업,15명,2011.01.19,제이케이데이터시스템즈,2.56097561
(주)제주항공,T1_워라밸복지,0.193333333,0.126666667,0.166666667,0.193333333,0.00666666667,0.0866666667,0.1,0.0733333333,0.0133333333,0.1,0.0933333333,0.04,제주항공,(주)제주항공,운송/운수/물류,대기업,"1,441명",2006.12.31,제주항공,2.96
(주)중앙감정평가법인,T1_워라밸복지,0.283783784,0.135135135,0.256756757,0.283783784,0.0135135135,0.108108108,0.027027027,0.0135135135,0.0405405405,0.0135135135,0.108108108,0,중앙감정평가법인,(주)중앙감정평가법인,부동산/임대/중개,중견기업,462명,2001.07.01,중앙감정평가법인,2.22972973
(주)지란지교데이터,T1_워라밸복지,0.285714286,0.285714286,0.0476190476,0.285714286,0,0.0952380952,0,0.142857143,0,0.0476190476,0.0476190476,0.0476190476,지란지교데이터,(주)지란지교데이터,솔루션/SI/ERP/CRM,중소기업,100명,2020.04.01,지란지교데이터,3.80952381
(주)지앤지엔터테인먼트,T1_워라밸복지,0.333333333,0.0740740741,0.037037037,0.333333333,0,0.185185185,0.037037037,0,0.0740740741,0,0.111111111,0.148148148,지앤지엔터테인먼트,(주)지앤지엔터테인먼트,캐릭터/애니메이션,-,10명,2000.05.15,지앤지엔터테인먼트,1.851851852
(주)지에스리테일,T1_워라밸복지,0.206666667,0.14,0.0733333333,0.206666667,0.02,0.18,0.0933333333,0.0666666667,0.0133333333,0.106666667,0.08,0.02,지에스리테일,(주)지에스리테일,판매유통,대기업,8100명,1971.02.13,지에스리테일,3.546666667
(주)차이커뮤니케이션,T1_워라밸복지,0.34,0.1,0.12,0.34,0.00666666667,0.113333333,0.06,0.02,0.0266666667,0.0333333333,0.0933333333,0.0866666667,차이커뮤니케이션,(주)차이커뮤니케이션,광고/홍보/전시,중소기업,-,2004.06.22,차이커뮤니케이션,2.346666667
(주)체인파트너스,T9_경영진문제,0.377777778,0.0666666667,0.0222222222,0,0,0.111111111,0,0,0.0222222222,0.266666667,0.133333333,0.377777778,체인파트너스,(주)체인파트너스,기타 금융,중소기업,8명,2017.08.01,체인파트너스,2.133333333
(주)칩스앤미디어,T7_성장성부족,0.260869565,0.130434783,0.173913044,0.130434783,0,0,0.0869565217,0.0434782609,0,0.260869565,0.130434783,0.0434782609,칩스앤미디어,(주)칩스앤미디어,전기/전자/제어,중소기업,90명,2003.02.27,칩스앤미디어,3.260869565
(주)카카오엠,T8_사내정치불공정,0.266666667,0.186666667,0.06,0.1,0,0.14,0.0266666667,0.0533333333,0.0333333333,0.0933333333,0.266666667,0.04,카카오엠,(주)카카오엠,영화/배급/음악,대기업 계열사/자회사,-,2018.11.01,카카오엠,2.986666667
(주)카파아이엔티,T1_워라밸복지,0.205882353,0.176470588,0.205882353,0.205882353,0,0.0588235294,0,0,0.0588235294,0.0588235294,0.0294117647,0.205882353,카파아이엔티,카파아이엔티(주),식품가공/개발,중소기업,20명,2007.08.13,카파아이엔티,1.928571429
(주)카펙발레오,T3_업무강도편차,0.18,0.12,0.0666666667,0.12,0.0133333333,0.18,0.0533333333,0.0933333333,0.04,0.16,0.0733333333,0.08,카펙발레오,(주)카펙발레오,기계/설비/자동차,대기업,706명,1993.10.07,카펙발레오,2.489932886
(주)캐럿글로벌,T10_팀바팀부서편차,0.170212766,0.170212766,0.14893617,0.106382979,0,0.127659575,0.0212765957,0.0425531915,0,0.14893617,0.127659575,0.106382979,캐럿글로벌,(주)캐럿글로벌,기타 교육업,중소기업,150명,2000.11.20,캐럿글로벌,2.957446809
(주)케이비데이타시스템,T11_보상연봉,0.4,0.12,0.4,0.126666667,0,0.0333333333,0.06,0.0133333333,0.0266666667,0.0533333333,0.133333333,0.0333333333,케이비데이타시스템,(주)케이비데이타시스템,솔루션/SI/ERP/CRM,대기업,580명,1991.11.01,케이비데이타시스템,3.026666667
(주)케이쓰리아이,T1_워라밸복지,0.361445783,0.0843373494,0.0481927711,0.361445783,0,0.168674699,0.0963855422,0,0.0481927711,0.0240963855,0.13253012,0.0361445783,케이쓰리아이,(주)케이쓰리아이,솔루션/SI/ERP/CRM,-,22명,2000.03.09,케이쓰리아이,2.120481928
(주)케이알티씨,T4_열악한근무환경,0.3,0.2,0.0666666667,0.2,0,0.0666666667,0.3,0,0,0.0666666667,0.0333333333,0.0666666667,케이알티씨,(주)케이알티씨,기타 건설업,중소기업,305명,2004.09.17,케이알티씨,3.066666667
(주)코그넥스코리아,T10_팀바팀부서편차,0.256410256,0.256410256,0.0512820513,0.0256410256,0,0.153846154,0,0.102564103,0.0256410256,0.0769230769,0.230769231,0.0769230769,코그넥스코리아,(주)코그넥스코리아,-,-,10명,-,코그넥스코리아,3.205128205
(주)코리아인스트루먼트,T1_워라밸복지,0.348148148,0.0444444444,0.192592593,0.348148148,0,0.0888888889,0.118518519,0.037037037,0.0518518518,0.0444444444,0.0592592593,0.0148148148,코리아인스트루먼트,(주)코리아인스트루먼트,전기/전자/제어,중소기업,330명,1996.06.14,코리아인스트루먼트,2.437037037
(주)타이탄플랫폼,T9_경영진문제,0.28,0.0266666667,0.0866666667,0.106666667,0,0.0866666667,0.04,0.02,0.0266666667,0.16,0.166666667,0.28,타이탄플랫폼,(주)타이탄플랫폼,솔루션/SI/ERP/CRM,중소기업,141명,2011.12.01,타이탄플랫폼,1.506666667
(주)타이호인스트,T1_워라밸복지,0.32,0.2,0.06,0.32,0.02,0.1,0.08,0.06,0,0.12,0.02,0.02,타이호인스트,(주)타이호인스트,솔루션/SI/ERP/CRM,-,47명,2005.08.25,타이호인스트,3.04
(주)태산,T1_워라밸복지,0.285714286,0.0952380952,0.0476190476,0.285714286,0,0,0.190476191,0.142857143,0.0476190476,0,0.190476191,0,태산,(주)태산,식품가공/개발,중소기업,38명,1994.06.11,태산,2.380952381
(주)태평양감정평가법인,T1_워라밸복지,0.229508197,0.114754098,0.131147541,0.229508197,0,0.147540984,0.114754098,0.0491803279,0.0163934426,0.0163934426,0.180327869,0,태평양감정평가법인,(주)태평양감정평가법인,부동산/임대/중개,대기업,370명,2001.01.19,태평양감정평가법인,2.704918033
(주)통블록,T1_워라밸복지,0.230769231,0.115384615,0.0769230769,0.230769231,0,0.230769231,0.0384615385,0.0384615385,0.0384615385,0.0384615385,0.0769230769,0.115384615,통블록,(주)통블록,IT컨설팅,중소기업,15명,2016.11.02,통블록,1.653846154
(주)트릴리어네어,T9_경영진문제,0.282051282,0.102564103,0.0256410256,0.153846154,0.0256410256,0.102564103,0,0.0256410256,0,0.153846154,0.128205128,0.282051282,트릴리어네어,(주)트릴리어네어,판매유통,-,-,2014.09.24,트릴리어네어,2.358974359
(주)티맥스데이터,T10_팀바팀부서편차,0.275167785,0.275167785,0.0536912752,0.147651007,0,0.161073825,0.0469798658,0.0134228188,0.033557047,0.0939597315,0.0872483222,0.0872483222,티맥스데이터,(주)티맥스데이터,솔루션/SI/ERP/CRM,중견기업,334명,2003.05.01,티맥스데이터,3.006711409
(주)티브이데일리,T3_업무강도편차,0.285714286,0.0857142857,0.0857142857,0.257142857,0,0.285714286,0.0571428571,0.0285714286,0.142857143,0,0.0571428571,0,티브이데일리,(주)티브이데일리,신문/잡지/언론사,-,-,-,티브이데일리,1.628571429
(주)티티에스,T11_보상연봉,0.299212598,0.118110236,0.299212598,0.204724409,0.00787401575,0.0866141732,0.157480315,0.00787401575,0.0157480315,0.031496063,0.062992126,0.00787401575,티티에스,(주)티티에스,기계/설비/자동차,중소기업,200명,2000.05.19,티티에스,2.448818898
(주)파리미키코리아,T9_경영진문제,0.387096774,0.0322580645,0.0322580645,0.0967741935,0,0.064516129,0.0967741935,0,0.0322580645,0.0967741935,0.161290323,0.387096774,파리미키코리아,(주)파리미키코리아,판매유통,중소기업,18명,2000.07.12,파리미키코리아,1.580645161
(주)팬엔터테인먼트,T1_워라밸복지,0.227272727,0,0.0909090909,0.227272727,0,0.227272727,0.0909090909,0.0454545455,0.0454545455,0.0454545455,0.0909090909,0.136363636,팬엔터테인먼트,(주)팬엔터테인먼트,방송사/케이블,-,35명,1998.04.03,팬엔터테인먼트,2.181818182
(주)포잉코퍼레이션,T10_팀바팀부서편차,0.291666667,0.291666667,0.0416666667,0.0833333333,0.0208333333,0.0625,0,0.0208333333,0.0208333333,0.104166667,0.229166667,0.125,포잉코퍼레이션,(주)포잉코퍼레이션,솔루션/SI/ERP/CRM,중소기업,35명,2020.12.17,포잉코퍼레이션,2.770833333
(주)플래시드웨이브코리아,T9_경영진문제,0.254237288,0.0847457627,0.0847457627,0.152542373,0.0169491525,0.0508474576,0.0338983051,0.0169491525,0.0508474576,0.0508474576,0.203389831,0.254237288,플래시드웨이브코리아,(주)플래시드웨이브코리아,섬유/의류/패션,-,50명,2009.08.12,플래시드웨이브코리아,2
(주)플레시먼힐러드코리아,T10_팀바팀부서편차,0.287356322,0.287356322,0.0344827586,0.114942529,0.0229885057,0.16091954,0.0114942529,0.0229885057,0.0114942529,0.0574712644,0.206896552,0.0689655172,플레시먼힐러드코리아,(주)플레시먼힐러드코리아,광고/홍보/전시,중소기업,45명,1998.01.15,플레시먼힐러드코리아,3.425287356
(주)플로언스,T9_경영진문제,0.419354839,0.064516129,0.064516129,0.129032258,0,0.129032258,0,0,0.0967741935,0.064516129,0.0322580645,0.419354839,플로언스,(주)플로언스,솔루션/SI/ERP/CRM,중소기업,-,2017.11.28,플로언스,1.451612903
(주)하나금융경영연구소,T10_팀바팀부서편차,0.235294118,0.235294118,0.0294117647,0.0588235294,0.0588235294,0.117647059,0.0588235294,0.0882352941,0.0882352941,0.0588235294,0.117647059,0.0882352941,하나금융경영연구소,(주)하나금융경영연구소,연구소/컨설팅/조사,대기업,55명,1990.07.14,하나금융경영연구소,2.823529412
(주)하나금융티아이,T11_보상연봉,0.226666667,0.14,0.226666667,0.173333333,0,0.08,0.106666667,0.0333333333,0.02,0.0933333333,0.0933333333,0.0333333333,하나금융티아이,(주)하나금융티아이,솔루션/SI/ERP/CRM,대기업 계열사/자회사,580명,1990.09.12,하나금융티아이,3.4
(주)하인스,T9_경영진문제,0.384615385,0.0769230769,0.115384615,0.115384615,0.0384615385,0,0,0,0,0.0384615385,0.230769231,0.384615385,하인스,(주)하인스,기계/설비/자동차,-,31명,2007.10.12,하인스,1.576923077
(주)한국공간데이터,T9_경영진문제,0.306122449,0.0408163265,0.0408163265,0.0408163265,0,0.142857143,0.0816326531,0.0204081633,0.0204081633,0.183673469,0.12244898,0.306122449,한국공간데이터,(주)한국공간데이터,솔루션/SI/ERP/CRM,-,-,2018.10.01,한국공간데이터,2.469387755
(주)한국신용데이터,T3_업무강도편차,0.260416667,0.166666667,0.03125,0.0625,0.0104166667,0.260416667,0.0729166667,0.0104166667,0.0208333333,0.104166667,0.114583333,0.145833333,한국신용데이터,(주)한국신용데이터,IT컨설팅,중소기업,140명,2016.04.27,한국신용데이터,3.229166667
(주)한국큐빅,T1_워라밸복지,0.23255814,0,0,0.23255814,0,0.0930232558,0.186046512,0.0697674419,0.0465116279,0.11627907,0.139534884,0.11627907,한국큐빅,(주)한국큐빅,석유/화학/에너지,-,163명,1989.05.13,한국큐빅,2.23255814
(주)한국투자저축은행,T8_사내정치불공정,0.150684932,0.136986301,0.109589041,0.102739726,0.0410958904,0.123287671,0.0342465753,0.130136986,0.0273972603,0.0821917808,0.150684932,0.0616438356,한국투자저축은행,(주)한국투자저축은행,은행/금융/저축,대기업,390명,1982.12.14,한국투자저축은행,2.945205479
(주)허유산코리아,T1_워라밸복지,0.363636364,0.0909090909,0.227272727,0.363636364,0.0454545455,0,0.0454545455,0,0.0454545455,0,0.0454545455,0.136363636,허유산코리아,(주)허유산코리아,판매유통,-,-,2016.03.15,허유산코리아,2.454545455
(주)헥토데이터,T8_사내정치불공정,0.233333333,0.15,0.0666666667,0.15,0.0333333333,0.1,0.05,0.0166666667,0.0166666667,0.116666667,0.233333333,0.0666666667,헥토데이터,(주)헥토데이터,솔루션/SI/ERP/CRM,중소기업,67명,2009.09.01,헥토데이터,2.7
(주)현대경제연구원,T10_팀바팀부서편차,0.162962963,0.162962963,0.111111111,0.111111111,0.0222222222,0.111111111,0.0444444444,0.118518519,0.0148148148,0.125925926,0.0962962963,0.0814814815,현대경제연구원,(주)현대경제연구원,기타 교육업,대기업,134명,1986.10.10,현대경제연구원,3.17037037
(주)현대공업,T8_사내정치불공정,0.24,0.18,0.04,0.1,0,0.16,0.04,0.1,0.02,0.06,0.24,0.06,현대공업,(주)현대공업,기계/설비/자동차,중견기업,350명,1969.07.25,현대공업,2.9
(주)현대그린푸드,T1_워라밸복지,0.22,0.1,0.0666666667,0.22,0.02,0.113333333,0.16,0.06,0.0266666667,0.06,0.113333333,0.06,현대그린푸드,(주)현대그린푸드,판매유통,대기업,"4,800명",2023.03.01,현대그린푸드,2.92
(주)현대백화점,T1_워라밸복지,0.268965517,0.179310345,0.0827586207,0.268965517,0.0275862069,0.0689655172,0.110344828,0.103448276,0.0206896552,0.0551724138,0.0689655172,0.0137931035,현대백화점,(주)현대백화점,판매유통,대기업,1767명,2002.11.01,현대백화점,3.475862069
(주)현대케피코,T7_성장성부족,0.313333333,0.0933333333,0.133333333,0.0533333333,0,0.106666667,0.0466666667,0.0333333333,0.02,0.313333333,0.106666667,0.0933333333,현대케피코,(주)현대케피코,기계/설비/자동차,대기업,"1,169명",1987.09.03,현대케피코,3.16
(주)현대퓨처넷,T7_성장성부족,0.173333333,0.113333333,0.1,0.0866666667,0.0133333333,0.0933333333,0.0533333333,0.0933333333,0.0733333333,0.173333333,0.166666667,0.0333333333,현대퓨처넷,(주)현대퓨처넷,기타 IT/웹/통신,대기업,590명,1992.03.16,현대퓨처넷,2.833333333
(주)현대홈쇼핑,T7_성장성부족,0.28,0.113333333,0.0866666667,0.06,0,0.0666666667,0.12,0.0266666667,0.0333333333,0.28,0.12,0.0933333333,현대홈쇼핑,(주)현대홈쇼핑,판매유통,대기업,430명,2001.05.29,현대홈쇼핑,3.253333333
(주)히타치엘지데이터스토리지코리아,T7_성장성부족,0.419642857,0.0803571429,0.0446428571,0.0535714286,0.0178571429,0.0803571429,0.0625,0.00892857143,0.0178571429,0.419642857,0.151785714,0.0625,히타치엘지데이터스토리지코리아,(주)히타치엘지데이터스토리지코리아,판매유통,대기업,445명,2000.12.01,히타치엘지데이터스토리지코리아,2.794642857
AirAsia Berhad(에어아시아),T1_워라밸복지,0.28,0.16,0.253333333,0.28,0.0133333333,0.08,0.0133333333,0.0533333333,0.0266666667,0.04,0.0533333333,0.0266666667,AirAsia Berhad(에어아시아),AirAsia Berhad(에어아시아),운송/운수/물류,외국계 (외국 법인기업),-,2001.12.02,AirAsiaBerhad,3.053333333
Chai797 (매장),T3_업무강도편차,0.285714286,0.0357142857,0.0714285714,0.178571429,0,0.285714286,0.214285714,0,0.0357142857,0.107142857,0.0357142857,0.0357142857,Chai797 (매장),Chai797 (매장),외식업/식음료,-,-,-,Chai797,2.5
Hainan Airlines,T1_워라밸복지,0.352941177,0.147058823,0,0.352941177,0,0.0294117647,0.0882352941,0.0294117647,0.0882352941,0.0294117647,0.176470588,0.0588235294,Hainan Airlines,Hainan Airlines,호텔/여행/항공,-,-,-,HainanAirlines,2.647058824
KAIST College of Business,T10_팀바팀부서편차,0.32,0.32,0.04,0.08,0.08,0.16,0.12,0.04,0,0.04,0.12,0,KAIST College of Business,KAIST College of Business,초중고/대학,-,-,-,KAISTCollegeofBusiness,3.28
"MakeshopNcompany, Inc.",T1_워라밸복지,0.24,0.16,0.1,0.24,0,0.14,0.22,0,0,0.04,0.04,0.06,"MakeshopNcompany, .","MakeshopNcompany, Inc.",유통/무역/상사,-,-,2017.03.30,MakeshopNcompany,2.769
Qatar Airways,T1_워라밸복지,0.34,0.166666667,0.06,0.34,0.00666666667,0.14,0.113333333,0.0466666667,0.00666666667,0.0333333333,0.08,0.00666666667,Qatar Airways,Qatar Airways,호텔/여행/항공,-,-,-,QatarAirways,3.62
The Emirates Group,T10_팀바팀부서편차,0.344827586,0.344827586,0,0.275862069,0.0344827586,0.172413793,0.137931034,0,0,0.0344827586,0,0,The Emirates Group,The Emirates Group,호텔/여행/항공,-,-,-,TheEmiratesGroup,3.827586207
Vietjet air,T1_워라밸복지,0.181818182,0.0909090909,0.136363636,0.181818182,0,0.136363636,0.136363636,0.0454545455,0.0909090909,0.0454545455,0.136363636,0,Vietjet air,Vietjet air,호텔/여행/항공,-,-,-,Vietjetair,3.090909091
건국대학교건국유업건국햄,T7_성장성부족,0.333333333,0.125,0.104166667,0.125,0.0208333333,0.0625,0.0625,0.104166667,0.0208333333,0.333333333,0.0416666667,0,건국대학교건국유업건국햄,건국대학교건국유업건국햄,식품가공/개발,국내 공공기관/공기업,172명,1946.05.15,건국대학교건국유업건국햄,2.979166667
건설근로자공제회,T3_업무강도편차,0.241666667,0.191666667,0.0666666667,0.241666667,0.025,0.241666667,0.0416666667,0.075,0.0416666667,0,0.075,0,건설근로자공제회,건설근로자공제회,기타 금융,국내 공공기관/공기업,48명,1996.12.31,건설근로자공제회,3.041666667
건아정보기술(주),T7_성장성부족,0.229166667,0.0833333333,0.104166667,0.125,0,0.0625,0.0833333333,0.145833333,0.0416666667,0.229166667,0.0833333333,0.0416666667,건아정보기술,건아정보기술(주),전기/전자/제어,중소기업,135명,1988.03.15,건아정보기술,2.5625
고려산업(주),T5_군대식조직문화,0.275862069,0.103448276,0.103448276,0.137931034,0,0.0689655172,0.0689655172,0.275862069,0,0.137931034,0.103448276,0,고려산업,고려산업(주),식품가공/개발,-,91명,-,고려산업,2.103448276
공항철도(주),T8_사내정치불공정,0.161538462,0.130769231,0.161538462,0.161538462,0.00769230769,0.0307692308,0.146153846,0.0461538461,0.0384615385,0.0923076923,0.161538462,0.0230769231,공항철도,공항철도(주),운송/운수/물류,대기업,435명,2015.11.24,공항철도,3.276923077
교보악사자산운용(주),T11_보상연봉,0.263157895,0.263157895,0.263157895,0.052631579,0,0.0263157895,0.052631579,0,0.052631579,0.105263158,0.0789473684,0.105263158,교보악사자산운용,교보악사자산운용(주),증권/보험/카드,대기업,79명,1988.07.07,교보악사자산운용,2.921052632
국제약품(주),T1_워라밸복지,0.173333333,0.133333333,0.0866666667,0.173333333,0.00666666667,0.0466666667,0.166666667,0.126666667,0.04,0.08,0.0733333333,0.0666666667,국제약품,국제약품(주),제약/보건/바이오,대기업,444명,1959.07.27,국제약품,2.786666667
군인공제회,T5_군대식조직문화,0.363636364,0.151515152,0.121212121,0.0909090909,0,0.121212121,0,0.363636364,0.0303030303,0.0303030303,0.0303030303,0.0606060606,군인공제회,군인공제회,증권/보험/카드,국내 비영리단체/협회/교육재단,200명,1984.02.01,군인공제회,3.333333333
굿어스데이터(주),T11_보상연봉,0.346153846,0.153846154,0.346153846,0.0769230769,0,0.0384615385,0,0.153846154,0.0384615385,0.0384615385,0.0384615385,0.115384615,굿어스데이터,굿어스데이터(주),IT컨설팅,-,-,2018.10.08,굿어스데이터,2.615384615
금보개발(주) ORAKAI 청계산 호텔,T1_워라밸복지,0.5,0.166666667,0.0833333333,0.5,0,0.0416666667,0,0.0833333333,0,0.0416666667,0.0833333333,0,금보개발 ORAKAI 청계산 호텔,금보개발(주) ORAKAI 청계산 호텔,호텔/여행/항공,-,-,-,금보개발ORAKAI청계산호텔,2.458333333
나라아이넷(주),T1_워라밸복지,0.214285714,0.119047619,0.0952380952,0.214285714,0.0238095238,0.0238095238,0.166666667,0.0238095238,0,0.0952380952,0.0952380952,0.142857143,나라아이넷,나라아이넷(주),솔루션/SI/ERP/CRM,-,10명,1996.12.16,나라아이넷,1.666666667
나이스데이터(주),T8_사내정치불공정,0.233333333,0.1,0.2,0.133333333,0,0.0666666667,0.0333333333,0,0.0666666667,0.133333333,0.233333333,0.0333333333,나이스데이터,나이스데이터(주),솔루션/SI/ERP/CRM,-,20명,-,나이스데이터,2.066666667
남양유업(주),T7_성장성부족,0.193333333,0.08,0.08,0.0533333333,0.00666666667,0.08,0.1,0.153333333,0.0133333333,0.193333333,0.16,0.08,남양유업,남양유업(주),식품가공/개발,대기업,"2,795명",1964.03.13,남양유업,2.76
네오메카(주),T8_사내정치불공정,0.142857143,0.142857143,0.0476190476,0.142857143,0,0.142857143,0.0952380952,0.0476190476,0,0.142857143,0.142857143,0.0952380952,네오메카,네오메카(주),솔루션/SI/ERP/CRM,중소기업,20명,2002.10.23,네오메카,2.523809524
넥스브레인(주),T1_워라밸복지,0.47761194,0.0447761194,0.0447761194,0.47761194,0,0.104477612,0.0895522388,0,0.0597014925,0.0149253731,0.0597014925,0.104477612,넥스브레인,넥스브레인(주),솔루션/SI/ERP/CRM,중소기업,39명,2000.06.28,넥스브레인,2.731343284
넥스트증권(주),T7_성장성부족,0.272727273,0.0909090909,0.181818182,0.0303030303,0,0.0606060606,0.0303030303,0.0303030303,0.0303030303,0.272727273,0.181818182,0.0909090909,넥스트증권,넥스트증권(주),증권/보험/카드,대기업,-,1997.02.01,넥스트증권,2.818181818
니폰페인트마린코리아(주),T4_열악한근무환경,0.230769231,0.054945055,0,0.0659340659,0,0.142857143,0.230769231,0.142857143,0.043956044,0.0989010989,0.120879121,0.0989010989,니폰페인트마린코리아,니폰페인트마린코리아(주),판매유통,외국계 (외국 투자기업),21명,2004.07.20,니폰페인트마린코리아,1.571428571
다이와증권캐피탈마켓코리아(주),T11_보상연봉,0.296296296,0.222222222,0.296296296,0.0740740741,0,0.111111111,0.0740740741,0.0740740741,0,0.111111111,0,0.037037037,다이와증권캐피탈마켓코리아,다이와증권캐피탈마켓코리아(주),대출/캐피탈/여신,중소기업,83명,2011.08.08,다이와증권캐피탈마켓코리아,2.481481481
다이쿄니시카와코리아(주),T3_업무강도편차,0.151162791,0.127906977,0.0697674419,0.139534884,0,0.151162791,0.127906977,0.0813953488,0.0581395349,0.0581395349,0.127906977,0.0581395349,다이쿄니시카와코리아,다이쿄니시카와코리아(주),석유/화학/에너지,중소기업,69명,2001.01.18,다이쿄니시카와코리아,2.360465116
다이킨코리아(주),T8_사내정치불공정,0.292682927,0.0487804878,0.219512195,0.0243902439,0,0.0731707317,0.0487804878,0.0243902439,0.146341463,0.0487804878,0.292682927,0.0731707317,다이킨코리아,다이킨코리아(주),판매유통,중소기업,17명,2008.08.01,다이킨코리아,1.756097561
다이토키스코(주),T1_워라밸복지,0.236842105,0.0263157895,0.105263158,0.236842105,0,0.157894737,0.210526316,0,0.052631579,0.105263158,0.0789473684,0.0263157895,다이토키스코,다이토키스코(주),석유/화학/에너지,중소기업,25명,2005.03.14,다이토키스코,2.552631579
다이후쿠코리아(주),T1_워라밸복지,0.205479452,0.150684932,0.109589041,0.205479452,0,0.0821917808,0.136986301,0.095890411,0.0410958904,0.095890411,0.0547945206,0.0273972603,다이후쿠코리아,다이후쿠코리아(주),기계/설비/자동차,-,113명,1997.03.31,다이후쿠코리아,2.712328767
다인이비인후과병원,T1_워라밸복지,0.333333333,0.125,0.125,0.333333333,0,0.125,0.166666667,0.0416666667,0,0,0,0.0833333333,다인이비인후과병원,다인이비인후과병원,-,-,75명,-,다인이비인후과병원,2.458333333
대동전자(주),T1_워라밸복지,0.382716049,0.0740740741,0.111111111,0.382716049,0,0.037037037,0.0864197531,0.0740740741,0.172839506,0.024691358,0.024691358,0.012345679,대동전자,대동전자(주),전기/전자/제어,중소기업,112명,1972.10.10,대동전자,2.037037037
대림성모병원,T4_열악한근무환경,0.26,0.06,0.18,0.22,0,0.08,0.26,0.06,0.08,0,0.04,0.02,대림성모병원,대림성모병원,의료,병원,408명,1970.09.30,대림성모병원,2.22
대신자산운용(주),T7_성장성부족,0.205882353,0.0588235294,0.147058823,0.0294117647,0,0.0588235294,0.0882352941,0.0882352941,0.0294117647,0.205882353,0.205882353,0.0882352941,대신자산운용,대신자산운용(주),증권/보험/카드,대기업,58명,1988.04.01,대신자산운용,2.058823529
대신저축은행(주),T8_사내정치불공정,0.272727273,0.207792208,0.142857143,0.0519480519,0.038961039,0.038961039,0,0.025974026,0.038961039,0.103896104,0.272727273,0.0779220779,대신저축은행,대신저축은행(주),은행/금융/저축,중소기업,140명,2011.08.05,대신저축은행,2.415584416
대신정보통신(주),T1_워라밸복지,0.186666667,0.16,0.146666667,0.186666667,0,0.106666667,0.0733333333,0.12,0.0333333333,0.0266666667,0.08,0.0666666667,대신정보통신,대신정보통신(주),IT컨설팅,중소기업,240명,1987.08.28,대신정보통신,2.733333333
대신증권(주),T11_보상연봉,0.233333333,0.2,0.233333333,0.106666667,0.00666666667,0.04,0.06,0.0733333333,0.0533333333,0.106666667,0.106666667,0.0133333333,대신증권,대신증권(주),증권/보험/카드,대기업,"1,981명",1962.07.27,대신증권,3.08
대원미디어(주),T8_사내정치불공정,0.24137931,0.117241379,0.137931034,0.0827586207,0,0.0620689655,0.0551724138,0.0344827586,0.110344828,0.0689655172,0.24137931,0.0896551724,대원미디어,대원미디어(주),판매유통,중견기업,209명,1977.12.06,대원미디어,2.6
대한과학(주),T11_보상연봉,0.197530864,0.111111111,0.197530864,0.160493827,0,0.0740740741,0.12345679,0.024691358,0.012345679,0.0617283951,0.049382716,0.185185185,대한과학,대한과학(주),판매유통,중소기업,162명,1993.06.19,대한과학,2.271604938
대한방직(주),T4_열악한근무환경,0.2,0.141666667,0.166666667,0.108333333,0,0.0666666667,0.2,0.075,0.0416666667,0.141666667,0.05,0.00833333333,대한방직,대한방직(주),섬유/의류/패션,대기업,620명,1953.08.10,대한방직,2.308333333
대한약품공업(주),T1_워라밸복지,0.365853659,0.0975609756,0.0243902439,0.365853659,0,0.158536585,0.0487804878,0.0731707317,0.0609756098,0.0731707317,0.0853658537,0.012195122,대한약품공업,대한약품공업(주),제약/보건/바이오,중소기업,502명,1963.05.11,대한약품공업,2.402439024
대한전선(주),T1_워라밸복지,0.2,0.12,0.186666667,0.2,0.00666666667,0.08,0.12,0.1,0.0266666667,0.0733333333,0.0666666667,0.02,대한전선,대한전선(주),전기/전자/제어,대기업,839명,1955.02.21,대한전선,3.02
대한칼소닉(주),T4_열악한근무환경,0.166666667,0.0769230769,0.0769230769,0.153846154,0.0128205128,0.0384615385,0.166666667,0.0769230769,0.0384615385,0.153846154,0.0769230769,0.128205128,대한칼소닉,대한칼소닉(주),기계/설비/자동차,대기업,314명,1990.04.03,대한칼소닉,2.153846154
더블유피피미디어코리아(주),T11_보상연봉,0.293333333,0.16,0.293333333,0.2,0,0.14,0.0333333333,0.0133333333,0.0133333333,0.04,0.0666666667,0.04,더블유피피미디어코리아,더블유피피미디어코리아(주),광고/홍보/전시,중소기업,108명,2004.06.30,더블유피피미디어코리아,3.36
데이터스트림즈(주),T8_사내정치불공정,0.189189189,0.0810810811,0.0540540541,0.108108108,0.00675675676,0.141891892,0.0810810811,0.0135135135,0.168918919,0.0743243243,0.189189189,0.0810810811,데이터스트림즈,데이터스트림즈(주),솔루션/SI/ERP/CRM,중소기업,225명,2001.09.19,데이터스트림즈,1.833333333
데이터얼라이언스(주),T10_팀바팀부서편차,0.227272727,0.227272727,0.0909090909,0.136363636,0,0.181818182,0,0.0454545455,0.0909090909,0.0454545455,0,0.181818182,데이터얼라이언스,데이터얼라이언스(주),기타 IT/웹/통신,중소기업,-,2016.06.17,데이터얼라이언스,2.863636364
데이터워즈코리아(유),T10_팀바팀부서편차,0.272727273,0.272727273,0.0454545455,0.0909090909,0,0.121212121,0.0151515151,0.0151515151,0.0454545455,0.136363636,0.121212121,0.136363636,데이터워즈코리아,데이터워즈코리아(유),기타 서비스업,외국계 (외국 법인기업),-,2011.11.04,데이터워즈코리아,2.954545455
데이터코어시스템즈(주),T11_보상연봉,0.269230769,0.115384615,0.269230769,0.153846154,0,0.153846154,0,0,0,0.0384615385,0.0384615385,0.230769231,데이터코어시스템즈,데이터코어시스템즈(주),IT컨설팅,중소기업,112명,2009.11.23,데이터코어시스템즈,1.692307692
데이터클립(주),T1_워라밸복지,0.266055046,0.119266055,0.0825688073,0.266055046,0.0642201835,0.137614679,0.0733944954,0.0183486238,0.0917431193,0.0733944954,0.0550458716,0.0183486238,데이터클립,데이터클립(주),포털/인터넷/콘텐츠,중소기업,28명,2011.09.09,데이터클립,2.119266055
데이터킹(주),T9_경영진문제,0.318181818,0.0909090909,0.0454545455,0.227272727,0,0.136363636,0.0454545455,0,0.0909090909,0.0454545455,0,0.318181818,데이터킹,데이터킹(주),포털/인터넷/콘텐츠,중소기업,-,2015.04.06,데이터킹,2.75
델타일렉트로닉스코리아(주),T11_보상연봉,0.35,0.15,0.35,0.15,0,0.1,0.05,0,0.05,0.025,0.1,0.025,델타일렉트로닉스코리아,델타일렉트로닉스코리아(주),솔루션/SI/ERP/CRM,외국계 (외국 법인기업),42명,2004.03.19,델타일렉트로닉스코리아,2.425
도레이첨단소재(주),T7_성장성부족,0.186666667,0.0533333333,0.186666667,0.113333333,0,0.106666667,0.0733333333,0.0866666667,0.1,0.186666667,0.06,0.0333333333,도레이첨단소재,도레이첨단소재(주),석유/화학/에너지,대기업,-,1999.12.01,도레이첨단소재,3.08
동부자동차보험손해사정(주),T1_워라밸복지,0.369230769,0.0769230769,0.0307692308,0.369230769,0.0153846154,0.276923077,0.0153846154,0.138461539,0.0153846154,0,0.0461538461,0.0153846154,동부자동차보험손해사정,동부자동차보험손해사정(주),증권/보험/카드,-,685명,-,동부자동차보험손해사정,2.323076923
디디비코리아(주),T1_워라밸복지,0.268456376,0.100671141,0.120805369,0.268456376,0.0134228188,0.0939597315,0.0402684564,0.0201342282,0.033557047,0.0536912752,0.10738255,0.147651007,디디비코리아,디디비코리아(주),광고/홍보/전시,중소기업,48명,1999.06.11,디디비코리아,2.77852349
라온엔터테인먼트(주),T1_워라밸복지,0.241935484,0.064516129,0.129032258,0.241935484,0,0.0483870968,0.0967741935,0,0.0322580645,0.161290323,0.177419355,0.0483870968,라온엔터테인먼트,라온엔터테인먼트(주),게임,중소기업,111명,2000.05.15,라온엔터테인먼트,3.112903226
라이트브레인엠(주),T1_워라밸복지,0.229166667,0.197916667,0.03125,0.229166667,0,0.104166667,0.0208333333,0.09375,0.0416666667,0.0625,0.166666667,0.0520833333,라이트브레인엠,라이트브레인엠(주),솔루션/SI/ERP/CRM,중소기업,50명,2010.11.18,라이트브레인엠,2.53125
라프레리코리아(유),T10_팀바팀부서편차,0.344827586,0.344827586,0.103448276,0.0862068965,0.0344827586,0.0689655172,0.0517241379,0.0517241379,0.0172413793,0.0517241379,0.137931034,0.0517241379,라프레리코리아,라프레리코리아(유),판매유통,중소기업,-,2007.12.06,라프레리코리아,2.465517241
레오니와이어링시스템즈코리아(주),T7_성장성부족,0.352941177,0.0352941176,0.164705882,0.0941176471,0,0.0470588235,0.105882353,0.0470588235,0.0235294118,0.352941177,0.0470588235,0.0823529412,레오니와이어링시스템즈코리아,레오니와이어링시스템즈코리아(주),기계/설비/자동차,중소기업,186명,1993.08.01,레오니와이어링시스템즈코리아,2.541176471
리레코코리아(주),T10_팀바팀부서편차,0.226666667,0.226666667,0.173333333,0.173333333,0.00666666667,0.02,0.0266666667,0.0266666667,0.0533333333,0.153333333,0.0466666667,0.0933333333,리레코코리아,리레코코리아(주),판매유통,중소기업,103명,2004.04.26,리레코코리아,2.646666667
린나이코리아(주),T4_열악한근무환경,0.186666667,0.04,0.186666667,0.173333333,0.06,0.08,0.186666667,0.0466666667,0.0466666667,0.133333333,0.04,0.00666666667,린나이코리아,린나이코리아(주),기계/설비/자동차,대기업,787명,1974.02.01,린나이코리아,2.82
린데코리아(주),T10_팀바팀부서편차,0.226666667,0.226666667,0.0933333333,0.126666667,0.0133333333,0.0933333333,0.106666667,0.106666667,0.0133333333,0.0733333333,0.126666667,0.02,린데코리아,린데코리아(주),석유/화학/에너지,외국계 (외국 투자기업),430명,1975.01.18,린데코리아,3.8
마그나파워트레인코리아(주),T4_열악한근무환경,0.3,0.0333333333,0.0666666667,0.0666666667,0,0.166666667,0.3,0.1,0.0333333333,0.2,0.0333333333,0,마그나파워트레인코리아,마그나파워트레인코리아(주),기계/설비/자동차,-,218명,-,마그나파워트레인코리아,2.9
만해항운한국(주),T11_보상연봉,0.354166667,0.145833333,0.354166667,0.145833333,0,0.0416666667,0.0416666667,0.0625,0.0208333333,0.104166667,0.0625,0.0208333333,만해항운한국,만해항운한국(주),운송/운수/물류,-,50명,-,만해항운한국,2.520833333
말레베어공조(주),T11_보상연봉,0.25,0.06,0.25,0.09,0,0.01,0.12,0.02,0.01,0.23,0.11,0.1,말레베어공조,말레베어공조(주),기계/설비/자동차,중소기업,68명,2007.03.22,말레베어공조,2.7
매일유업(주),T10_팀바팀부서편차,0.146666667,0.146666667,0.0466666667,0.12,0.00666666667,0.126666667,0.14,0.0733333333,0.0466666667,0.126666667,0.0866666667,0.08,매일유업,매일유업(주),식품가공/개발,대기업,"2,100명",1969.02.14,매일유업,3
메인일렉콤,T4_열악한근무환경,0.153846154,0.0384615385,0.115384615,0.153846154,0,0.0769230769,0.153846154,0,0.0769230769,0.153846154,0.0769230769,0.153846154,메인일렉콤,메인일렉콤,-,-,44명,-,메인일렉콤,2.230769231
명가유업(주),T4_열악한근무환경,0.24,0.08,0.08,0.12,0,0.12,0.24,0,0.08,0.2,0.08,0,명가유업,명가유업(주),식품가공/개발,중소기업,40명,2001.08.08,명가유업,2.56
명화공업(주),T1_워라밸복지,0.275862069,0.103448276,0.110344828,0.275862069,0.0137931035,0.131034483,0.124137931,0.0482758621,0.0689655172,0.0137931035,0.0482758621,0.0620689655,명화공업,명화공업(주),기계/설비/자동차,중견기업,630명,1957.08.13,명화공업,2.193103448
모다끄레아(주),T1_워라밸복지,0.276595745,0.0638297872,0.0425531915,0.276595745,0.0212765957,0.14893617,0.0425531915,0.0212765957,0.0638297872,0.0638297872,0.106382979,0.14893617,모다끄레아,모다끄레아(주),섬유/의류/패션,-,14명,-,모다끄레아,2.340425532
미디어텍코리아(주),T1_워라밸복지,0.324324324,0.108108108,0.0810810811,0.324324324,0,0.297297297,0,0,0,0.108108108,0.0540540541,0.027027027,미디어텍코리아,미디어텍코리아(주),반도체/광학/디스플레이,-,25명,2007.02.01,미디어텍코리아,3.72972973
미래하이텍(주),T1_워라밸복지,0.387096774,0.290322581,0.0322580645,0.387096774,0,0.0322580645,0.129032258,0.0322580645,0,0.064516129,0.0322580645,0,미래하이텍,미래하이텍(주),전기/전자/제어,중소기업,57명,1997.04.07,미래하이텍,2
바이탈에어코리아(주),T11_보상연봉,0.22,0.173333333,0.22,0.12,0,0.0666666667,0.0333333333,0.02,0.0333333333,0.126666667,0.146666667,0.06,바이탈에어코리아,바이탈에어코리아(주),렌탈/임대,-,54명,-,바이탈에어코리아,2.54
반다이남코엔터테인먼트코리아(주),T1_워라밸복지,0.428571429,0.0952380952,0,0.428571429,0.238095238,0.0952380952,0.0476190476,0,0.0476190476,0,0.0476190476,0,반다이남코엔터테인먼트코리아,반다이남코엔터테인먼트코리아(주),게임,-,2명,2001.01.31,반다이남코엔터테인먼트코리아,2.857142857
반다이코리아(주),T8_사내정치불공정,0.212765957,0.191489362,0.0212765957,0.127659575,0.0212765957,0.127659575,0.085106383,0.0425531915,0.0212765957,0.085106383,0.212765957,0.0638297872,반다이코리아,반다이코리아(주),판매유통,중소기업,96명,2000.03.07,반다이코리아,2.659574468
백광,T1_워라밸복지,0.380952381,0.142857143,0.0714285714,0.380952381,0,0.0238095238,0.119047619,0.0238095238,0,0,0.0952380952,0.142857143,백광,백광,-,-,6명,-,백광,1.333333333
백광산업(주),T1_워라밸복지,0.280701754,0.0877192982,0.0350877193,0.280701754,0,0.122807018,0.175438596,0.175438596,0,0.052631579,0.0701754386,0,백광산업,백광산업(주),석유/화학/에너지,대기업,232명,1954.11.25,백광산업,3.50877193
백산(주),T11_보상연봉,0.22,0.06,0.22,0.17,0,0.11,0.13,0.07,0.02,0.16,0.03,0.03,백산,백산(주),석유/화학/에너지,대기업,278명,1986.10.06,백산,2.83
버슘머트리얼즈코리아(주),T1_워라밸복지,0.206666667,0.153333333,0.16,0.206666667,0.00666666667,0.1,0.146666667,0.0533333333,0.0466666667,0.02,0.0933333333,0.0133333333,버슘머트리얼즈코리아,버슘머트리얼즈코리아(주),석유/화학/에너지,외국계 (외국 투자기업),333명,1973.09.29,버슘머트리얼즈코리아,3.288590604
베인앤드컴퍼니코리아인크(주),T3_업무강도편차,0.266666667,0.226666667,0.0333333333,0.22,0,0.266666667,0.0533333333,0.0266666667,0.02,0.0333333333,0.106666667,0.0133333333,베인앤드컴퍼니코리아인크,베인앤드컴퍼니코리아인크(주),연구소/컨설팅/조사,중소기업,-,1994.11.01,베인앤드컴퍼니코리아인크,4.086666667
베트남항공영업소(주),T11_보상연봉,0.3125,0.21875,0.3125,0.1875,0,0.09375,0.03125,0.0625,0,0.0625,0.03125,0,베트남항공영업소,베트남항공영업소(주),운송/운수/물류,중소기업,14명,-,베트남항공영업소,2.59375
벽산페인트(주),T1_워라밸복지,0.172727273,0.0363636364,0.0272727273,0.172727273,0,0.118181818,0.154545455,0.0727272727,0.0454545455,0.136363636,0.0818181818,0.154545455,벽산페인트,벽산페인트(주),석유/화학/에너지,-,197명,1985.09.05,벽산페인트,1.890909091
보험개발원(사),T5_군대식조직문화,0.170731707,0.170731707,0.0731707317,0.0731707317,0.0487804878,0.0975609756,0.146341463,0.170731707,0.0487804878,0,0.121951219,0.0487804878,보험개발원,보험개발원(사),증권/보험/카드,국내 공공기관/공기업,200명,2002.04.25,보험개발원,4
부라다워너유한책임회사,T1_워라밸복지,0.22,0.16,0,0.22,0,0.18,0.06,0.06,0.04,0.16,0.08,0.04,부라다워너유한책임,부라다워너유한책임회사,기타 제조업,-,190명,-,부라다워너책임,2.55
부산경남우유협동조합,T11_보상연봉,0.28,0.06,0.28,0.28,0.02,0.02,0.18,0,0,0.08,0.04,0.04,부산경남우유협동조합,부산경남우유협동조합,식품가공/개발,국내 공공기관/공기업,309명,1964.03.17,부산경남우유협동조합,2.64
브레댄코(bread&co.DAILY-NEW) (매장),T3_업무강도편차,0.228571429,0.171428571,0.0285714286,0.2,0.0571428571,0.228571429,0.2,0,0,0.0571428571,0.0285714286,0.0285714286,브레댄코(bread&co.DAILY-NEW) (매장),브레댄코(bread&co.DAILY-NEW) (매장),외식업/식음료,-,-,-,브레댄코,3.514285714
브레인넷(주),T1_워라밸복지,0.230769231,0.0384615385,0.153846154,0.230769231,0.0384615385,0.230769231,0.0384615385,0.0384615385,0.0769230769,0.0384615385,0.0384615385,0.0769230769,브레인넷,브레인넷(주),IT컨설팅,중소기업,138명,2000.01.12,브레인넷,2.384615385
브레인즈컴퍼니(주),T10_팀바팀부서편차,0.207692308,0.207692308,0.107692308,0.107692308,0.00769230769,0.107692308,0.0384615385,0.0461538461,0.0846153846,0.153846154,0.0769230769,0.0615384615,브레인즈컴퍼니,브레인즈컴퍼니(주),솔루션/SI/ERP/CRM,중소기업,102명,2000.03.16,브레인즈컴퍼니,3.161538462
블리자드엔터테인먼트(유),T8_사내정치불공정,0.246666667,0.153333333,0.14,0.133333333,0.04,0.06,0.0266666667,0.04,0.0333333333,0.0866666667,0.246666667,0.04,블리자드엔터테인먼트,블리자드엔터테인먼트(유),솔루션/SI/ERP/CRM,중소기업,297명,2004.06.01,블리자드엔터테인먼트,2.973333333
비비디오코리아(주),T1_워라밸복지,0.18,0.08,0.0333333333,0.18,0,0.133333333,0.0533333333,0.0333333333,0.08,0.08,0.153333333,0.173333333,비비디오코리아,비비디오코리아(주),광고/홍보/전시,대기업,106명,1982.07.01,비비디오코리아,2.126666667
삼성생명서비스손해사정(주),T1_워라밸복지,0.273333333,0.0666666667,0.16,0.273333333,0.00666666667,0.26,0.0866666667,0.0133333333,0.0133333333,0.04,0.06,0.02,삼성생명서비스손해사정,삼성생명서비스손해사정(주),증권/보험/카드,대기업,"2,300명",2000.01.19,삼성생명서비스손해사정,2.813333333
삼성화재손해사정서비스(주),T3_업무강도편차,0.366197183,0.0845070422,0.169014084,0.169014084,0.014084507,0.366197183,0.0422535211,0.0422535211,0.014084507,0.0281690141,0.0563380282,0.014084507,삼성화재손해사정서비스,삼성화재손해사정서비스(주),증권/보험/카드,대기업,"1,225명",1998.10.15,삼성화재손해사정서비스,3.211267606
삼영잉크페인트제조(주),T4_열악한근무환경,0.263157895,0.105263158,0.105263158,0.131578947,0,0.0789473684,0.263157895,0.0789473684,0.131578947,0.0263157895,0.0789473684,0,삼영잉크페인트제조,삼영잉크페인트제조(주),석유/화학/에너지,-,126명,-,삼영잉크페인트제조,3.157894737
삼화페인트공업(주),T11_보상연봉,0.18,0.0733333333,0.18,0.113333333,0.02,0.0266666667,0.173333333,0.12,0.0133333333,0.126666667,0.126666667,0.0266666667,삼화페인트공업,삼화페인트공업(주),석유/화학/에너지,중견기업,912명,1946.04.09,삼화페인트공업,2.74
생고뱅코리아(주),T8_사내정치불공정,0.2,0.18,0.106666667,0.06,0,0.0466666667,0.0666666667,0.0466666667,0.0533333333,0.0733333333,0.2,0.166666667,생고뱅코리아,생고뱅코리아(주),석유/화학/에너지,중소기업,99명,1989.11.22,생고뱅코리아,2.52
서강유업(주),T4_열악한근무환경,0.434782609,0.0869565217,0.0434782609,0.0869565217,0,0,0.434782609,0.0434782609,0.0434782609,0.173913044,0,0.0869565217,서강유업,서강유업(주),식품가공/개발,-,86명,-,서강유업,2.956521739
서울우유협동조합,T11_보상연봉,0.2,0.106666667,0.2,0.16,0.0533333333,0.04,0.0733333333,0.0933333333,0.02,0.0733333333,0.12,0.06,서울우유협동조합,서울우유협동조합,식품가공/개발,국내 비영리단체/협회/교육재단,"1,974명",1962.02.27,서울우유협동조합,2.7
성화산업(주),T1_워라밸복지,0.32,0.02,0.02,0.32,0.02,0.1,0.14,0.02,0.02,0.16,0.12,0.06,성화산업,성화산업(주),금속/재료/철강/요업,중소기업,200명,1983.08.02,성화산업,3.44
세바,T1_워라밸복지,0.36,0.08,0.12,0.36,0,0.08,0.24,0,0.04,0,0.04,0.04,세바,세바,-,-,120명,-,세바,2.32
소니뮤직엔터테인먼트코리아(주),T8_사내정치불공정,0.212765957,0.170212766,0.0212765957,0.127659575,0,0.127659575,0.0212765957,0.0425531915,0.0425531915,0.106382979,0.212765957,0.127659575,소니뮤직엔터테인먼트코리아,소니뮤직엔터테인먼트코리아(주),판매유통,중소기업,29명,1989.12.05,소니뮤직엔터테인먼트코리아,2.468085106
소리바다(주),T7_성장성부족,0.26,0.0666666667,0.08,0.1,0.0133333333,0.0666666667,0.0666666667,0.02,0.0666666667,0.26,0.133333333,0.126666667,소리바다,소리바다(주),포털/인터넷/콘텐츠,중소기업,94명,1978.10.01,소리바다,2.293333333
솔브레인에스엘디(주),T1_워라밸복지,0.32,0.0933333333,0.08,0.32,0,0.14,0.18,0.00666666667,0.0266666667,0.0666666667,0.0666666667,0.02,솔브레인에스엘디,솔브레인에스엘디(주),반도체/광학/디스플레이,-,"1,281명",-,솔브레인에스엘디,2.766666667
솔브레인홀딩스(주),T1_워라밸복지,0.24,0.06,0.126666667,0.24,0.0266666667,0.1,0.206666667,0.0466666667,0.02,0.0866666667,0.0466666667,0.04,솔브레인홀딩스,솔브레인홀딩스(주),석유/화학/에너지,대기업,"1,243명",1986.05.06,솔브레인홀딩스,2.773333333
스노우피크코리아(주),T10_팀바팀부서편차,0.208333333,0.208333333,0.152777778,0.138888889,0,0.0416666667,0.0555555556,0.0972222222,0.0694444444,0.0694444444,0.0416666667,0.125,스노우피크코리아,스노우피크코리아(주),판매유통,중소기업,21명,2008.11.03,스노우피크코리아,2.597222222
스트라우만덴탈코리아(주),T11_보상연봉,0.238095238,0.166666667,0.238095238,0.0952380952,0.0476190476,0.0952380952,0.0952380952,0.0476190476,0.0714285714,0.0238095238,0.0952380952,0.0238095238,스트라우만덴탈코리아,스트라우만덴탈코리아(주),판매유통,-,30명,-,스트라우만덴탈코리아,3.609756098
스포카(주),T7_성장성부족,0.253333333,0.206666667,0.14,0.06,0.0133333333,0.0533333333,0.0266666667,0.0733333333,0.0266666667,0.253333333,0.0666666667,0.08,스포카,스포카(주),솔루션/SI/ERP/CRM,중소기업,43명,2011.05.20,스포카,3.186666667
시너지미디어(주),T11_보상연봉,0.228070175,0.0350877193,0.228070175,0.175438596,0,0.052631579,0.0350877193,0.0175438597,0,0.192982456,0.105263158,0.157894737,시너지미디어,시너지미디어(주),캐릭터/애니메이션,중소기업,29명,2002.08.14,시너지미디어,2.456140351
시너지월드와이드코리아(주),T8_사내정치불공정,0.266666667,0.133333333,0,0.266666667,0,0,0,0,0.266666667,0,0.266666667,0.0666666667,시너지월드와이드코리아,시너지월드와이드코리아(주),판매유통,중소기업,51명,1997.05.08,시너지월드와이드코리아,2.933333333
신라공업(주),T1_워라밸복지,0.239130435,0.0579710145,0.123188406,0.239130435,0.0144927536,0.195652174,0.15942029,0.0579710145,0.0507246377,0.00724637681,0.0724637681,0.0217391304,신라공업,신라공업(주),기계/설비/자동차,-,230명,-,신라공업,2.804347826
신한펀드파트너스(주),T1_워라밸복지,0.296551724,0.0827586207,0.075862069,0.296551724,0,0.165517241,0.00689655172,0.0827586207,0.0275862069,0.0620689655,0.117241379,0.0827586207,신한펀드파트너스,신한펀드파트너스(주),기타 서비스업,대기업,166명,2000.06.28,신한펀드파트너스,2.965517241
신화인터텍(주),T7_성장성부족,0.181818182,0.0629370629,0.0769230769,0.181818182,0,0.034965035,0.160839161,0.020979021,0.104895105,0.181818182,0.125874126,0.0489510489,신화인터텍,신화인터텍(주),석유/화학/에너지,대기업,350명,1977.03.25,신화인터텍,2.365671642
심플로트사우스코리아(유),T8_사내정치불공정,0.45945946,0.0540540541,0.027027027,0.108108108,0,0,0.027027027,0.027027027,0,0.135135135,0.45945946,0.162162162,심플로트사우스코리아,심플로트사우스코리아(유),판매유통,중소기업,23명,1995.02.21,심플로트사우스코리아,2.216216216
씨유 (매장),T4_열악한근무환경,0.34,0.1,0.04,0.313333333,0.00666666667,0.113333333,0.34,0,0.0333333333,0.00666666667,0.02,0.0266666667,씨유 (매장),,,,,,씨유,4.106666667
아비스타(주),T1_워라밸복지,0.383561644,0.109589041,0.246575342,0.383561644,0,0.136986301,0,0.0273972603,0.0136986301,0.0273972603,0.0410958904,0.0136986301,아비스타,아비스타(주),섬유/의류/패션,대기업,530명,2000.11.03,아비스타,2.410958904
아사히카세이이머티리얼즈코리아(주),T11_보상연봉,0.161290323,0.0806451613,0.161290323,0.161290323,0,0.112903226,0.129032258,0.0161290323,0.064516129,0.064516129,0.14516129,0.064516129,아사히카세이이머티리얼즈코리아,아사히카세이이머티리얼즈코리아(주),전기/전자/제어,-,92명,-,아사히카세이이머티리얼즈코리아,2.387096774
아세아손해사정(주),T1_워라밸복지,0.433333333,0.133333333,0,0.433333333,0,0.166666667,0.0666666667,0.0666666667,0.0333333333,0,0.1,0,아세아손해사정,아세아손해사정(주),증권/보험/카드,중소기업,15명,1976.10.05,아세아손해사정,2.433333333
아슈리온코리아(유),T10_팀바팀부서편차,0.24,0.24,0.02,0.14,0,0.02,0.06,0.02,0.04,0.16,0.24,0.06,아슈리온코리아,(주)아슈리온코리아,기타IT/웹/통신,외국계(외국 투자기업),106명,2003.08.08,아슈리온코리아,3.16
아시아나아이디티(주),T7_성장성부족,0.173333333,0.126666667,0.133333333,0.133333333,0.0266666667,0.0533333333,0.1,0.0333333333,0.0333333333,0.173333333,0.146666667,0.04,아시아나아이디티,아시아나아이디티(주),IT컨설팅,대기업,638명,1991.09.02,아시아나아이디티,3.14
아시아나항공(주),T11_보상연봉,0.18,0.12,0.18,0.14,0.0266666667,0.0666666667,0.113333333,0.0533333333,0,0.106666667,0.126666667,0.0666666667,아시아나항공,아시아나항공(주),운송/운수/물류,대기업,"8,803명",1988.02.17,아시아나항공,2.993333333
아임에버(주),T11_보상연봉,0.265625,0.1875,0.265625,0.21875,0,0.046875,0.0625,0.03125,0.015625,0.140625,0.015625,0.015625,아임에버,아임에버(주),네트워크/통신/모바일,중소기업,96명,2006.11.21,아임에버,3.09375
아프로코리아(주),T1_워라밸복지,0.3,0.2,0.05,0.3,0,0.15,0.05,0,0.05,0,0.1,0.1,아프로코리아,아프로코리아(주),기계/설비/자동차,-,13명,-,아프로코리아,2.2
알테어엔지니어링(주),T10_팀바팀부서편차,0.481481481,0.481481481,0,0.222222222,0,0.0740740741,0.037037037,0,0,0.037037037,0.111111111,0.037037037,알테어엔지니어링,알테어엔지니어링(주),솔루션/SI/ERP/CRM,중소기업,122명,2001.11.13,알테어엔지니어링,3.777777778
애플코리아(유),T10_팀바팀부서편차,0.24,0.24,0.1,0.153333333,0.00666666667,0.0733333333,0.0266666667,0.04,0,0.12,0.173333333,0.0666666667,애플코리아,애플코리아(유),판매유통,대기업,33명,1998.11.11,애플코리아,3.586666667
앱리프트아시아퍼시픽(주),T7_성장성부족,0.357142857,0.178571429,0.0357142857,0,0.0357142857,0.0714285714,0,0,0.107142857,0.357142857,0.0714285714,0.142857143,앱리프트아시아퍼시픽,앱리프트아시아퍼시픽(주),네트워크/통신/모바일,외국계 (외국 법인기업),186명,2021.01.01,앱리프트아시아퍼시픽,3.892857143
에나인더스트리(주),T9_경영진문제,0.242424242,0.0606060606,0.141414141,0.151515152,0.0101010101,0.0909090909,0.101010101,0.0202020202,0.0505050505,0.0909090909,0.0404040404,0.242424242,에나인더스트리,에나인더스트리(주),기계/설비/자동차,중소기업,317명,1994.05.01,에나인더스트리,1.848484848
에메필 (매장),T10_팀바팀부서편차,0.25,0.25,0.0625,0.21875,0.03125,0.125,0.09375,0,0.1875,0,0.03125,0,에메필 (매장),에메필 (매장),판매유통,-,-,-,에메필,2.625
에스씨존슨코리아(유),T7_성장성부족,0.333333333,0.238095238,0.0952380952,0.0238095238,0,0.0238095238,0.0714285714,0.0238095238,0.0714285714,0.333333333,0.0476190476,0.0714285714,에스씨존슨코리아,에스씨존슨코리아(유),판매유통,중소기업,60명,1972.05.19,에스씨존슨코리아,3.571428571
에스아이티씨컨테이너라인스코리아(주),T3_업무강도편차,0.18,0.16,0.1,0.18,0,0.18,0.06,0.04,0.06,0.04,0.14,0.04,에스아이티씨컨테이너라인스코리아,에스아이티씨컨테이너라인스코리아(주),운송/운수/물류,중소기업,40명,2002.12.07,에스아이티씨컨테이너라인스코리아,2.42
에스에이피랩스코리아(주),T10_팀바팀부서편차,0.285714286,0.285714286,0.142857143,0.0909090909,0,0.0909090909,0.0519480519,0.012987013,0.038961039,0.168831169,0.0779220779,0.038961039,에스에이피랩스코리아,에스에이피랩스코리아(주),솔루션/SI/ERP/CRM,중소기업,127명,2000.05.08,에스에이피랩스코리아,4.155844156
에스케이머티리얼즈에어플러스(주),T11_보상연봉,0.295454545,0.0454545455,0.295454545,0.181818182,0,0.0681818182,0.0909090909,0.0454545455,0.0227272727,0.113636364,0.0681818182,0.0681818182,에스케이머티리얼즈에어플러스,에스케이머티리얼즈에어플러스(주),석유/화학/에너지,-,34명,-,에스케이머티리얼즈에어플러스,3.045454545
에어리퀴드코리아(주),T11_보상연봉,0.19,0.18,0.19,0.1,0,0.03,0.08,0.04,0.05,0.11,0.1,0.12,에어리퀴드코리아,에어리퀴드코리아(주),석유/화학/에너지,외국계 (외국 법인기업),135명,1996.01.19,에어리퀴드코리아,3.1
에어포스,T1_워라밸복지,0.36,0,0.08,0.36,0,0.24,0.08,0.08,0,0.04,0.04,0.08,에어포스,에어포스,-,-,20명,-,에어포스,2.92
에이아이비트(주),T1_워라밸복지,0.333333333,0,0.222222222,0.333333333,0,0.0888888889,0.0888888889,0.0222222222,0.0222222222,0.155555556,0.0444444444,0.0222222222,에이아이비트,에이아이비트(주),전기/전자/제어,중소기업,165명,1996.07.01,에이아이비트,2.333333333
에이아이에이생명보험(주),T10_팀바팀부서편차,0.233333333,0.233333333,0.173333333,0.0666666667,0.0133333333,0.0733333333,0.0333333333,0.02,0.0733333333,0.12,0.08,0.113333333,에이아이에이생명보험,에이아이에이생명보험(주),증권/보험/카드,-,-,-,에이아이에이생명보험,2.846666667
에이아이지손해보험(주),T10_팀바팀부서편차,0.28,0.28,0.273333333,0.0733333333,0.0333333333,0.0533333333,0.02,0.0333333333,0.0266666667,0.106666667,0.0866666667,0.0133333333,에이아이지손해보험,에이아이지손해보험(주),증권/보험/카드,중소기업,363명,2011.11.09,에이아이지손해보험,3.146666667
에이에스이코리아(주),T11_보상연봉,0.213333333,0.113333333,0.213333333,0.186666667,0.02,0.0466666667,0.173333333,0.0266666667,0.02,0.0666666667,0.1,0.0333333333,에이에스이코리아,에이에스이코리아(주),전기/전자/제어,대기업,"2,985명",1967.03.27,에이에스이코리아,2.666666667
에이온코리아보험중개(주),T10_팀바팀부서편차,0.378378378,0.378378378,0.27027027,0.108108108,0.027027027,0.027027027,0.027027027,0.027027027,0,0.108108108,0,0.027027027,에이온코리아보험중개,에이온코리아보험중개(주),증권/보험/카드,중소기업,99명,1996.06.13,에이온코리아보험중개,3.027027027
에이치디현대미포(주),T4_열악한근무환경,0.373333333,0.166666667,0,0.193333333,0.0133333333,0.0466666667,0.373333333,0.186666667,0,0.02,0,0,에이치디현대미포,에이치디현대미포(주),조선/항공/우주,대기업,"3,901명",1975.04.28,에이치디현대미포,2.946666667
에이치디현대엔진(유),T7_성장성부족,0.397590361,0.0602409639,0.120481928,0.0602409639,0.0120481928,0.0120481928,0.120481928,0.0361445783,0.0120481928,0.397590361,0.0602409639,0.108433735,에이치디현대엔진,에이치디현대엔진(유),기계/설비/자동차,대기업,21명,2007.07.05,에이치디현대엔진,3.060240964
에이치디현대오일뱅크(주),T4_열악한근무환경,0.206896552,0.151724138,0.179310345,0.193103448,0,0.0206896552,0.206896552,0.2,0,0.0275862069,0.00689655172,0.0137931035,에이치디현대오일뱅크,에이치디현대오일뱅크(주),석유/화학/에너지,대기업,"1,773명",1964.11.19,에이치디현대오일뱅크,3.462068966
에이치디현대중공업(주),T4_열악한근무환경,0.254545454,0.127272727,0.163636364,0.127272727,0,0.127272727,0.254545454,0.0545454545,0,0.0363636364,0.109090909,0,에이치디현대중공업,,,,,,에이치디현대중공업,3.6
에이치엔아이엔씨(주),T11_보상연봉,0.168918919,0.148648649,0.168918919,0.108108108,0.0135135135,0.0608108108,0.0472972973,0.0540540541,0.0675675676,0.135135135,0.0945945946,0.101351351,에이치엔아이엔씨,에이치엔아이엔씨(주),IT컨설팅,중소기업,342명,1995.07.01,에이치엔아이엔씨,2.602739726
에이치엠엠(주),T3_업무강도편차,0.16,0.113333333,0.0933333333,0.106666667,0.00666666667,0.16,0.1,0.06,0.0866666667,0.0933333333,0.126666667,0.0533333333,에이치엠엠,에이치엠엠(주),운송/운수/물류,대기업,"1,519명",1976.03.25,에이치엠엠,3.52
엑스큐어(주),T7_성장성부족,0.303797468,0.0759493671,0.0379746835,0.189873418,0,0.0506329114,0.126582279,0.0126582279,0.0506329114,0.303797468,0.0886075949,0.0632911392,엑스큐어,엑스큐어(주),솔루션/SI/ERP/CRM,중소기업,40명,2000.09.18,엑스큐어,2.443037975
엔에이치엔(주),T10_팀바팀부서편차,0.173333333,0.173333333,0.106666667,0.14,0.00666666667,0.06,0.0866666667,0.02,0.0133333333,0.173333333,0.126666667,0.0933333333,엔에이치엔,엔에이치엔(주),게임,중견기업,823명,2013.08.01,엔에이치엔,3.533333333
엔티엘나이가이트랜스라인코리아(주),T8_사내정치불공정,0.204081633,0.142857143,0.102040816,0.12244898,0,0.12244898,0.0816326531,0.0408163265,0,0.0204081633,0.204081633,0.163265306,엔티엘나이가이트랜스라인코리아,엔티엘나이가이트랜스라인코리아(주),운송/운수/물류,-,16명,-,엔티엘나이가이트랜스라인코리아,2.06122449
엘아이지자동차손해사정(주),T3_업무강도편차,0.252747253,0.0659340659,0.197802198,0.21978022,0.021978022,0.252747253,0.043956044,0.032967033,0.032967033,0.054945055,0.0659340659,0.010989011,엘아이지자동차손해사정,엘아이지자동차손해사정(주),증권/보험/카드,대기업,"1,297명",2007.05.18,엘아이지자동차손해사정,2.747252747
오케이데이터시스템(주),T10_팀바팀부서편차,0.25,0.25,0.2,0.05,0,0.1,0.15,0.05,0,0.05,0.15,0,오케이데이터시스템,오케이데이터시스템(주),기타 IT/웹/통신,-,-,-,오케이데이터시스템,2.6
오토브레인(주),T10_팀바팀부서편차,0.220588235,0.220588235,0.191176471,0.205882353,0,0.0588235294,0.102941176,0.0588235294,0.0294117647,0.0147058823,0.102941176,0.0147058823,오토브레인,오토브레인(주),솔루션/SI/ERP/CRM,중소기업,105명,2002.05.17,오토브레인,2.455882353
온세미컨덕터코리아(주),T1_워라밸복지,0.246666667,0.0933333333,0.173333333,0.246666667,0.0133333333,0.0866666667,0.16,0.0266666667,0.0266666667,0.04,0.106666667,0.0266666667,온세미컨덕터코리아,온세미컨덕터코리아(주),반도체/광학/디스플레이,대기업,"1,433명",1998.12.28,온세미컨덕터코리아,2.853333333
와디즈,T7_성장성부족,0.188679245,0.169811321,0.0943396226,0.113207547,0,0.0943396226,0.0754716981,0.0377358491,0.0377358491,0.188679245,0.0943396226,0.0943396226,와디즈,와디즈,포털/인터넷/콘텐츠,중소기업,250명,2012.05.11,와디즈,3.150943396
와이케이케이화스닝프로덕츠판매한국(주),T8_사내정치불공정,0.18,0.1,0.08,0.12,0,0.1,0.08,0.06,0.08,0.08,0.18,0.12,와이케이케이화스닝프로덕츠판매한국,와이케이케이화스닝프로덕츠판매한국(주),판매유통,중소기업,17명,2003.04.01,와이케이케이화스닝프로덕츠판매한국,1.84
위즈도메인(주),T1_워라밸복지,0.227272727,0.181818182,0.0454545455,0.227272727,0,0.0909090909,0,0,0.0909090909,0.181818182,0.181818182,0,위즈도메인,위즈도메인(주),솔루션/SI/ERP/CRM,중소기업,27명,1999.10.08,위즈도메인,2.090909091
유양산전(주),T1_워라밸복지,0.185714286,0.142857143,0.128571429,0.185714286,0,0.0428571429,0.0857142857,0.0857142857,0.0571428571,0.0857142857,0.142857143,0.0428571429,유양산전,유양산전(주),전기/전자/제어,중소기업,90명,1989.01.01,유양산전,2.057142857
이코리아산업(주),T4_열악한근무환경,0.4,0.4,0,0.2,0,0,0.4,0,0,0,0,0,이코리아산업,이코리아산업(주),석유/화학/에너지,대기업,194명,2000.11.01,이코리아산업,2.4
인천국제공항공사,T1_워라밸복지,0.226666667,0.2,0.1,0.226666667,0.0266666667,0.0666666667,0.153333333,0.0466666667,0.0333333333,0.08,0.04,0.0266666667,인천국제공항공사,인천국제공항공사,운송/운수/물류,국내 공공기관/공기업,973명,1999.02.01,인천국제공항공사,4.106666667
인터내셔널디스트리뷰션네트워크코리아(유),T10_팀바팀부서편차,0.183673469,0.183673469,0.142857143,0.0408163265,0,0.0816326531,0.0408163265,0.0408163265,0.102040816,0.142857143,0.102040816,0.12244898,인터내셔널디스트리뷰션네트워크코리아,인터내셔널디스트리뷰션네트워크코리아(유),연구소/컨설팅/조사,중소기업,35명,2007.01.01,인터내셔널디스트리뷰션네트워크코리아,2.265306122
입소스(주),T1_워라밸복지,0.413333333,0.126666667,0.16,0.413333333,0.00666666667,0.18,0.0133333333,0.0266666667,0.00666666667,0.0333333333,0.0333333333,0,입소스,입소스(주),연구소/컨설팅/조사,중견기업,264명,1997.01.01,입소스,2.706666667
자라리테일코리아(주),T3_업무강도편차,0.34,0.0866666667,0.02,0.226666667,0.02,0.34,0.166666667,0.06,0.0266666667,0.00666666667,0.02,0.0266666667,자라리테일코리아,자라리테일코리아(주),판매유통,대기업,840명,2007.10.29,자라리테일코리아,3.12
자이글(주),T1_워라밸복지,0.317073171,0.0487804878,0.146341463,0.317073171,0,0.0487804878,0.0975609756,0.0731707317,0.0975609756,0.0731707317,0.0487804878,0.0487804878,자이글,자이글(주),기계/설비/자동차,중소기업,63명,2008.12.30,자이글,2.12195122
잘레시아(주),T1_워라밸복지,0.369863014,0.0821917808,0.109589041,0.369863014,0,0.178082192,0.0684931507,0.0136986301,0,0.0684931507,0.0684931507,0.0410958904,잘레시아,잘레시아(주),솔루션/SI/ERP/CRM,중소기업,49명,1998.04.06,잘레시아,2.821917808
잡플래닛,T7_성장성부족,0.270833333,0.0833333333,0.0208333333,0.0208333333,0,0.0625,0.0208333333,0.0208333333,0.125,0.270833333,0.104166667,0.270833333,잡플래닛,잡플래닛,포털/인터넷/콘텐츠,중소기업,100명,2013.01.03,잡플래닛,2.727272727
제스트씨앤티(주),T8_사내정치불공정,0.225806452,0.129032258,0,0.064516129,0,0.0322580645,0.064516129,0,0.161290323,0.161290323,0.225806452,0.161290323,제스트씨앤티,제스트씨앤티(주),솔루션/SI/ERP/CRM,중소기업,-,2017.09.01,제스트씨앤티,2.064516129
제이씨데코코리아(주),T10_팀바팀부서편차,0.4,0.4,0,0,0,0.2,0.2,0,0,0.2,0,0,제이씨데코코리아,제이씨데코코리아(주),광고/홍보/전시,중소기업,50명,2001.10.26,제이씨데코코리아,2.6
조광페인트(주),T4_열악한근무환경,0.22,0.08,0.133333333,0.0333333333,0,0.08,0.22,0.12,0.0133333333,0.12,0.0933333333,0.106666667,조광페인트,조광페인트(주),석유/화학/에너지,중견기업,432명,1967.01.16,조광페인트,2.813333333
중국남방항공(주),T11_보상연봉,0.264367816,0.126436782,0.264367816,0.149425287,0.0114942529,0.114942529,0.0229885057,0.0229885057,0.0689655172,0.091954023,0.0689655172,0.0574712644,중국남방항공,중국남방항공(주),운송/운수/물류,중소기업,100명,2003.08.01,중국남방항공,2.126436782
지이오더불유에스코리아(주),T8_사내정치불공정,0.291666667,0.0416666667,0,0.166666667,0,0,0.208333333,0,0,0.125,0.291666667,0.166666667,지이오더불유에스코리아,지이오더불유에스코리아(주),AS/카센터/주유,-,33명,-,지이오더불유에스코리아,2.166666667
진에어(주),T1_워라밸복지,0.18,0.1,0.153333333,0.18,0,0.0533333333,0.12,0.0666666667,0.0333333333,0.106666667,0.12,0.0666666667,진에어,진에어(주),운송/운수/물류,대기업,508명,2008.01.23,진에어,2.953333333
천일페인트(주),T11_보상연봉,0.318181818,0.0909090909,0.318181818,0.136363636,0,0.136363636,0.227272727,0,0,0.0454545455,0,0.0454545455,천일페인트,천일페인트(주),석유/화학/에너지,-,47명,1990.08.17,천일페인트,2.272727273
청호나이스(주),T1_워라밸복지,0.193333333,0.1,0.0866666667,0.193333333,0.0333333333,0.0866666667,0.08,0.1,0.0133333333,0.0733333333,0.18,0.0533333333,청호나이스,청호나이스(주),기타 제조업,대기업,"1,570명",1994.07.01,청호나이스,2.406666667
츄고쿠삼화페인트(주),T4_열악한근무환경,0.34,0.06,0.18,0.06,0.06,0.1,0.34,0.06,0.04,0.06,0.04,0,츄고쿠삼화페인트,츄고쿠삼화페인트(주),석유/화학/에너지,중소기업,206명,1988.10.07,츄고쿠삼화페인트,3.24
카타르항공한국지사,T10_팀바팀부서편차,0.303030303,0.303030303,0.0909090909,0.272727273,0,0.0909090909,0.0606060606,0,0.0303030303,0.0606060606,0.0606060606,0.0303030303,카타르항공한국지사,카타르항공한국지사,운송/운수/물류,중소기업,17명,2003.10.14,카타르항공한국지사,3.151515152
카파아이엔티(주),T9_경영진문제,0.2,0.06,0.12,0.18,0,0.08,0.1,0.04,0.04,0.06,0.12,0.2,카파아이엔티,카파아이엔티(주),식품가공/개발,중소기업,20명,2007.08.13,카파아이엔티,1.928571429
캄텍(주),T7_성장성부족,0.3,0.125,0.075,0.1,0,0.1,0.075,0.05,0.0125,0.3,0.0875,0.075,캄텍,캄텍(주),기계/설비/자동차,대기업,161명,2001.03.07,캄텍,3.525
캐논쎄미콘덕터엔지니어링코리아(주),T4_열악한근무환경,0.153333333,0.0866666667,0.126666667,0.113333333,0.0133333333,0.133333333,0.153333333,0.0733333333,0.0533333333,0.1,0.113333333,0.0333333333,캐논쎄미콘덕터엔지니어링코리아,캐논쎄미콘덕터엔지니어링코리아(주),석유/화학/에너지,외국계 (외국 투자기업),419명,1993.05.13,캐논쎄미콘덕터엔지니어링코리아,3.08
캐세이패시픽항공회사한국지점,T9_경영진문제,0.380952381,0.0476190476,0,0.142857143,0,0.0476190476,0,0,0,0.238095238,0.142857143,0.380952381,캐세이패시픽항공한국지점,캐세이패시픽항공회사한국지점,운송/운수/물류,중소기업,99명,1974.08.01,캐세이패시픽항공한국지점,2.667
케리항운(주),T1_워라밸복지,0.285714286,0.12244898,0.142857143,0.285714286,0,0.142857143,0.0816326531,0.0204081633,0.0816326531,0.0204081633,0.0816326531,0.0204081633,케리항운,케리항운(주),운송/운수/물류,-,64명,1995.11.10,케리항운,2.612244898
케이비에스미디어(주),T10_팀바팀부서편차,0.18,0.18,0.0333333333,0.0733333333,0.173333333,0.08,0.0733333333,0.08,0.08,0.133333333,0.0533333333,0.04,케이비에스미디어,케이비에스미디어(주),방송사/케이블,중견기업,328명,1991.09.01,케이비에스미디어,3.434482759
케이비증권(주),T10_팀바팀부서편차,0.193333333,0.193333333,0.0733333333,0.126666667,0.0733333333,0.0866666667,0.06,0.0733333333,0.1,0.0933333333,0.0933333333,0.0266666667,케이비증권,케이비증권(주),증권/보험/카드,대기업,"2,539명",1962.07.14,케이비증권,3.82
케이씨에이손해사정(주),T11_보상연봉,0.326241135,0.0921985816,0.326241135,0.170212766,0,0.191489362,0.0496453901,0,0.0141843972,0.0354609929,0.0921985816,0.0283687943,케이씨에이손해사정,케이씨에이손해사정(주),증권/보험/카드,-,315명,2002.07.05,케이씨에이손해사정,2.446808511
케이엘에이텐코코리아(주),T10_팀바팀부서편차,0.226666667,0.226666667,0.14,0.113333333,0.00666666667,0.16,0.173333333,0.02,0.0133333333,0.04,0.04,0.0666666667,케이엘에이텐코코리아,케이엘에이텐코코리아(주),반도체/광학/디스플레이,외국계 (외국 법인기업),810명,1993.07.01,케이엘에이텐코코리아,3.806666667
케이엘엠네덜란드항공사(주),T2_계약직전환,0.37037037,0.222222222,0.037037037,0.185185185,0.37037037,0.0740740741,0.037037037,0,0,0.037037037,0.037037037,0,케이엘엠네덜란드항공사,케이엘엠네덜란드항공사(주),운송/운수/물류,중소기업,20명,1984.11.12,케이엘엠네덜란드항공사,4.592592593
코나아이(주),T9_경영진문제,0.333333333,0.0533333333,0.173333333,0.153333333,0,0.0666666667,0.16,0.00666666667,0.0133333333,0.02,0.02,0.333333333,코나아이,코나아이(주),기타 IT/웹/통신,중견기업,401명,1998.03.11,코나아이,2.146666667
코레일관광개발(주),T11_보상연봉,0.333333333,0.0533333333,0.333333333,0.226666667,0.0266666667,0.0466666667,0.0933333333,0.02,0,0.0733333333,0.12,0.00666666667,코레일관광개발,코레일관광개발(주),호텔/여행/항공,국내 공공기관/공기업,988명,2004.09.01,코레일관광개발,2.793333333
코레일로지스(주),T1_워라밸복지,0.283333333,0.0833333333,0.2,0.283333333,0,0.0333333333,0.1,0.0333333333,0.0333333333,0.1,0.0833333333,0.05,코레일로지스,코레일로지스(주),운송/운수/물류,국내 공공기관/공기업,104명,2003.12.31,코레일로지스,2.316666667
코레일유통(주),T4_열악한근무환경,0.2,0.146666667,0.153333333,0.16,0.00666666667,0.16,0.2,0.0466666667,0.0333333333,0.0333333333,0.0533333333,0.00666666667,코레일유통,코레일유통(주),판매유통,국내 공공기관/공기업,463명,2004.12.02,코레일유통,3.733333333
코레일테크(주),T1_워라밸복지,0.24,0.1,0.186666667,0.24,0.02,0.0733333333,0.186666667,0.0133333333,0.0466666667,0.0266666667,0.0666666667,0.04,코레일테크,코레일테크(주),건설/건축/토목/시공,국내 공공기관/공기업,"5,257명",2005.02.01,코레일테크,2.32
콘텔라(주),T1_워라밸복지,0.252525253,0.101010101,0.121212121,0.252525253,0,0.121212121,0.0707070707,0.0101010101,0.0101010101,0.181818182,0.0404040404,0.0909090909,콘텔라,콘텔라(주),전기/전자/제어,중소기업,136명,2000.03.23,콘텔라,2.393939394
쿠퍼스탠다드오토모티브코리아(유),T1_워라밸복지,0.205128205,0.17948718,0.128205128,0.205128205,0.0256410256,0,0.0256410256,0.0512820513,0.0512820513,0.128205128,0.17948718,0.0256410256,쿠퍼스탠다드오토모티브코리아,쿠퍼스탠다드오토모티브코리아(유),석유/화학/에너지,-,114명,1988.10.01,쿠퍼스탠다드오토모티브코리아,2.307692308
쿨랜스코리아(주),T10_팀바팀부서편차,0.208333333,0.208333333,0,0.208333333,0,0.125,0.0416666667,0.166666667,0,0.0833333333,0.0833333333,0.0833333333,쿨랜스코리아,쿨랜스코리아(주),하드웨어/장비,중소기업,34명,2000.09.21,쿨랜스코리아,1.583333333
크록스코리아(주),T10_팀바팀부서편차,0.246478873,0.246478873,0.0422535211,0.0915492958,0,0.126760563,0.0211267606,0.0281690141,0.105633803,0.0845070422,0.147887324,0.105633803,크록스코리아,크록스코리아(주),판매유통,중소기업,44명,2007.07.23,크록스코리아,2.401408451
타이스일렉(주),T1_워라밸복지,0.318181818,0.181818182,0.181818182,0.318181818,0,0.0909090909,0,0.0454545455,0,0.0454545455,0.136363636,0,타이스일렉,타이스일렉(주),반도체/광학/디스플레이,대기업,91명,2010.09.09,타이스일렉,3
태림포장(주),T4_열악한근무환경,0.266666667,0.0866666667,0.0866666667,0.18,0.0133333333,0.126666667,0.266666667,0.04,0.0133333333,0.1,0.0466666667,0.04,태림포장,태림포장(주),가구/목재/제지,대기업,775명,1976.04.12,태림포장,2.466666667
태양화재특종손해사정(주),T3_업무강도편차,0.225,0.1,0.075,0.2,0,0.225,0.075,0.075,0.025,0.025,0.125,0.075,태양화재특종손해사정,태양화재특종손해사정(주),증권/보험/카드,-,157명,1992.09.01,태양화재특종손해사정,2.75
태영상선(주),T9_경영진문제,0.208333333,0.0694444444,0.0138888889,0.118055556,0.0277777778,0.1875,0.0138888889,0.0347222222,0.118055556,0.0555555556,0.152777778,0.208333333,태영상선,태영상선(주),운송/운수/물류,중견기업,102명,1955.04.02,태영상선,2.048951049
태평양에어콘트롤공업(주),T1_워라밸복지,0.227272727,0.0681818182,0.0909090909,0.227272727,0,0.113636364,0.181818182,0.0681818182,0.0681818182,0.0227272727,0.159090909,0,태평양에어콘트롤공업,태평양에어콘트롤공업(주),기계/설비/자동차,-,30명,-,태평양에어콘트롤공업,2.136363636
테크노니아(주),T7_성장성부족,0.22,0.14,0.16,0.2,0.02,0.08,0.02,0.02,0,0.22,0.04,0.1,테크노니아,테크노니아(주),솔루션/SI/ERP/CRM,-,40명,-,테크노니아,2.86
토즈코리아(주),T10_팀바팀부서편차,0.26,0.26,0.14,0.18,0.02,0.06,0.1,0.06,0,0.1,0.08,0,토즈코리아,토즈코리아(주),판매유통,중소기업,98명,2006.07.31,토즈코리아,3
토피아정보기술(주),T10_팀바팀부서편차,0.322033898,0.322033898,0.0338983051,0.0847457627,0.0508474576,0.152542373,0.0847457627,0.0169491525,0.0169491525,0.169491525,0.0169491525,0.0508474576,토피아정보기술,토피아정보기술(주),솔루션/SI/ERP/CRM,중소기업,42명,1999.03.03,토피아정보기술,2.610169492
트레이스(주),T4_열악한근무환경,0.222222222,0,0.111111111,0.138888889,0,0.111111111,0.222222222,0.0277777778,0.0833333333,0.0833333333,0.0833333333,0.138888889,트레이스,트레이스(주),전기/전자/제어,중소기업,166명,1995.01.19,트레이스,1.638888889
트레인코리아(주),T11_보상연봉,0.2,0.16,0.2,0.16,0,0.08,0.12,0.02,0.04,0.04,0.1,0.08,트레인코리아,트레인코리아(주),판매유통,-,70명,1995.01.25,트레인코리아,3.16
특허법인에이아이피,T1_워라밸복지,0.416666667,0.0833333333,0.166666667,0.416666667,0,0.0416666667,0.0833333333,0.0416666667,0,0.0416666667,0.125,0,특허법인에이아이피,특허법인에이아이피,법률/법무/특허,중소기업,-,2009.05.01,특허법인에이아이피,2.75
티쓰리엔터테인먼트(주),T1_워라밸복지,0.2,0.141666667,0.116666667,0.2,0,0.075,0.05,0.0166666667,0.025,0.0583333333,0.183333333,0.133333333,티쓰리엔터테인먼트,티쓰리엔터테인먼트(주),게임,중소기업,248명,2000.04.17,티쓰리엔터테인먼트,2.025
티씨케이(주),T1_워라밸복지,0.22,0.0866666667,0.0733333333,0.22,0,0.133333333,0.166666667,0.04,0.04,0.0733333333,0.0933333333,0.0733333333,티씨케이,티씨케이(주),금속/재료/철강/요업,대기업,137명,1996.10.01,티씨케이,2.906666667
티케이지애강(주),T1_워라밸복지,0.1875,0.0625,0.0625,0.1875,0,0.125,0.09375,0.125,0.03125,0.125,0.125,0.0625,티케이지애강,티케이지애강(주),석유/화학/에너지,중견기업,165명,1990.01.22,티케이지애강,2.4375
퍼스트데이터코리아(유),T8_사내정치불공정,0.230088496,0.150442478,0.0265486726,0.115044248,0,0.0884955752,0.0530973451,0.017699115,0.0442477876,0.10619469,0.230088496,0.168141593,퍼스트데이터코리아,퍼스트데이터코리아(유),솔루션/SI/ERP/CRM,외국계 (외국 법인기업),120명,2005.11.07,퍼스트데이터코리아,1.884955752
페르노리카코리아임페리얼(주),T10_팀바팀부서편차,0.181818182,0.181818182,0.0454545455,0.0909090909,0,0.0909090909,0.0454545455,0.0909090909,0.136363636,0.0909090909,0.181818182,0.0454545455,페르노리카코리아임페리얼,페르노리카코리아임페리얼(주),식품가공/개발,-,200명,1999.12.14,페르노리카코리아임페리얼,2.954545455
페타바이(주),T11_보상연봉,0.294117647,0.0294117647,0.294117647,0.264705882,0.0294117647,0.0588235294,0.0882352941,0,0,0.235294118,0,0,페타바이,페타바이(주),솔루션/SI/ERP/CRM,중소기업,64명,2011.12.23,페타바이,2.823529412
펜타클,T11_보상연봉,0.2,0.145454546,0.2,0.163636364,0.0181818182,0.109090909,0.0181818182,0.0363636364,0.0181818182,0.0727272727,0.0909090909,0.127272727,펜타클,펜타클,광고/홍보/전시,중견기업,92명 ,- ,펜타클,3
평화산업(주),T4_열악한근무환경,0.26,0.0266666667,0.0933333333,0.226666667,0,0.133333333,0.26,0.0666666667,0.04,0.0666666667,0.06,0.0266666667,평화산업,평화산업(주),기계/설비/자동차,대기업,272명,2006.05.02,평화산업,2.26
평화이즈(주),T11_보상연봉,0.313333333,0.146666667,0.313333333,0.16,0.00666666667,0.0933333333,0.08,0.04,0.0133333333,0.106666667,0.0333333333,0.00666666667,평화이즈,평화이즈(주),IT컨설팅,중소기업,141명,2007.03.01,평화이즈,2.786666667
프레제니우스메디칼케어코리아(주),T11_보상연봉,0.269503546,0.141843972,0.269503546,0.120567376,0.0141843972,0.0496453901,0.0283687943,0.0567375886,0.0496453901,0.0638297872,0.113475177,0.0921985816,프레제니우스메디칼케어코리아,프레제니우스메디칼케어코리아(주),판매유통,-,206명,-,프레제니우스메디칼케어코리아,2.624113475
피피지코리아(유),T11_보상연봉,0.220472441,0.102362205,0.220472441,0.0708661417,0.0472440945,0.0787401575,0.133858268,0.0551181102,0.0551181102,0.118110236,0.102362205,0.0157480315,피피지코리아,피피지코리아(유),석유/화학/에너지,대기업,436명,1983.02.07,피피지코리아,2.732283465
하이게인안테나(주),T11_보상연봉,0.20661157,0.0826446281,0.20661157,0.198347107,0.0165289256,0.0661157025,0.0743801653,0.0330578512,0.0165289256,0.173553719,0.123966942,0.00826446281,하이게인안테나,하이게인안테나(주),전기/전자/제어,중소기업,217명,1978.03.07,하이게인안테나,2.140495868
하이네켄코리아(주),T10_팀바팀부서편차,0.206896552,0.206896552,0.165517241,0.0689655172,0,0.0689655172,0.0413793103,0.0482758621,0.0827586207,0.0827586207,0.144827586,0.0896551724,하이네켄코리아,하이네켄코리아(주),판매유통,중소기업,119명,2003.06.12,하이네켄코리아,2.882758621
하이에어코리아(주),T11_보상연봉,0.306666667,0.0933333333,0.306666667,0.133333333,0,0.1,0.0933333333,0.06,0.02,0.0533333333,0.08,0.06,하이에어코리아,하이에어코리아(주),기계/설비/자동차,대기업,720명,1988.10.01,하이에어코리아,2.226666667
하이온넷(주),T1_워라밸복지,0.333333333,0.0909090909,0.0303030303,0.333333333,0,0.0909090909,0.121212121,0,0.151515152,0.0909090909,0.0303030303,0.0606060606,하이온넷,하이온넷(주),전기/전자/제어,-,30명,-,하이온넷,2.393939394
한국경남태양유전(주),T1_워라밸복지,0.340136054,0.0816326531,0.0884353741,0.340136054,0.0204081633,0.0816326531,0.115646259,0.0544217687,0.0272108843,0.0408163265,0.115646259,0.0340136054,한국경남태양유전,한국경남태양유전(주),전기/전자/제어,중견기업,850명,1999.10.15,한국경남태양유전,1.863945578
한국공항(주),T1_워라밸복지,0.46,0.0533333333,0.0666666667,0.46,0.0133333333,0.08,0.166666667,0.0466666667,0,0.0533333333,0.0266666667,0.0333333333,한국공항,한국공항(주),운송/운수/물류,대기업,"3,058명",1968.02.20,한국공항,2.366666667
한국공항공사,T10_팀바팀부서편차,0.153333333,0.153333333,0.14,0.126666667,0.02,0.113333333,0.12,0.106666667,0.1,0.0133333333,0.0866666667,0.02,한국공항공사,한국공항공사,운송/운수/물류,국내 공공기관/공기업,"2,264명",2002.03.02,한국공항공사,3.493333333
한국과학기술원,T10_팀바팀부서편차,0.293333333,0.293333333,0.0666666667,0.133333333,0.0733333333,0.12,0.16,0.04,0.02,0.0133333333,0.0533333333,0.0266666667,한국과학기술원,한국과학기술원,초중고/대학,국내 공공기관/공기업,"1,096명",2001.12.27,한국과학기술원,3.84
한국국제크리스천학교,T4_열악한근무환경,0.1875,0.145833333,0.0416666667,0.104166667,0,0.125,0.1875,0.125,0.0416666667,0.0416666667,0.0416666667,0.145833333,한국국제크리스천학교,한국국제크리스천학교,초중고/대학,-,-,-,한국국제크리스천학교,1.723404255
한국국제협력단,T10_팀바팀부서편차,0.24,0.24,0.0333333333,0.146666667,0.08,0.146666667,0.1,0.04,0.08,0.0466666667,0.0266666667,0.06,한국국제협력단,한국국제협력단,정부/공공기관/공기업,국내 공공기관/공기업,250명,1991.04.01,한국국제협력단,3.686666667
한국다이와(주),T1_워라밸복지,0.333333333,0.0476190476,0.0952380952,0.333333333,0,0,0.285714286,0.0476190476,0.0476190476,0,0.142857143,0,한국다이와,한국다이와(주),판매유통,중소기업,23명,2005.04.01,한국다이와,2.476190476
한국다이이찌산쿄(주),T10_팀바팀부서편차,0.185714286,0.185714286,0.0714285714,0.0714285714,0,0.0857142857,0.0571428571,0.157142857,0.1,0.114285714,0.0571428571,0.1,한국다이이찌산쿄,한국다이이찌산쿄(주),제약/보건/바이오,중소기업,140명,1990.07.16,한국다이이찌산쿄,3.885714286
한국대풍(주),T1_워라밸복지,0.285714286,0.0476190476,0.238095238,0.285714286,0,0.142857143,0.190476191,0,0,0,0.0952380952,0,한국대풍,한국대풍(주),기계/설비/자동차,-,60명,-,한국대풍,2.523809524
한국마즈(유),T10_팀바팀부서편차,0.341463415,0.341463415,0.0731707317,0.0609756098,0.0243902439,0.0853658537,0.012195122,0.0853658537,0.0365853659,0.0853658537,0.0487804878,0.146341463,한국마즈,한국마즈(유),판매유통,중소기업,72명,1992.03.01,한국마즈,3.170731707
한국메이네티(주),T8_사내정치불공정,0.275,0.1,0.05,0.1,0,0.075,0,0.175,0.025,0.175,0.275,0.025,한국메이네티,한국메이네티(주),판매유통,-,16명,2003.12.12,한국메이네티,1.9
한국무사시도료(주),T4_열악한근무환경,0.269230769,0.115384615,0.115384615,0.153846154,0,0,0.269230769,0.0384615385,0.115384615,0.0769230769,0.0769230769,0.0384615385,한국무사시도료,한국무사시도료(주),석유/화학/에너지,중소기업,44명,2000.03.27,한국무사시도료,2.64
한국신용평가(주),T11_보상연봉,0.25,0.25,0.25,0.0909090909,0.0681818182,0.136363636,0.0227272727,0.0681818182,0,0.0909090909,0.0227272727,0,한국신용평가,한국신용평가(주),기타 서비스업,대기업,108명,1998.08.20,한국신용평가,3.5
한국씨티은행(주),T10_팀바팀부서편차,0.226666667,0.226666667,0.0666666667,0.1,0.153333333,0.0533333333,0.0333333333,0.0533333333,0.04,0.126666667,0.113333333,0.0333333333,한국씨티은행,한국씨티은행(주),은행/금융/저축,대기업,"4,218명",1981.09.25,한국씨티은행,3.673333333
한국아이비엠(주),T10_팀바팀부서편차,0.233333333,0.233333333,0.133333333,0.0733333333,0,0.106666667,0.0466666667,0.0466666667,0.04,0.153333333,0.12,0.0466666667,한국아이비엠,한국아이비엠(주),솔루션/SI/ERP/CRM,대기업,"2,346명",1967.04.25,한국아이비엠,3.333333333
한국아지노모도(주),T6_비효율문서작업,0.185185185,0.148148148,0.0740740741,0.037037037,0,0.111111111,0,0.111111111,0.185185185,0.111111111,0.111111111,0.111111111,한국아지노모도,한국아지노모도(주),판매유통,외국계 (외국 투자기업),20명,2003.03.03,한국아지노모도,2.481481481
한국알박크라이오(주),T8_사내정치불공정,0.193548387,0.129032258,0.0322580645,0.129032258,0,0.129032258,0.129032258,0.112903226,0.064516129,0.0322580645,0.193548387,0.0483870968,한국알박크라이오,한국알박크라이오(주),기계/설비/자동차,-,56명,2004.12.10,한국알박크라이오,2.64516129
한국에바라정밀기계(주),T1_워라밸복지,0.264285714,0.0857142857,0.1,0.264285714,0,0.0928571429,0.15,0.164285714,0.0357142857,0.0285714286,0.0785714286,0,한국에바라정밀기계,한국에바라정밀기계(주),기계/설비/자동차,-,141명,-,한국에바라정밀기계,3.292857143
한국인터넷진흥원,T10_팀바팀부서편차,0.206666667,0.206666667,0.133333333,0.133333333,0.00666666667,0.0933333333,0.173333333,0.0733333333,0.0733333333,0.02,0.0733333333,0.0133333333,한국인터넷진흥원,한국인터넷진흥원,정부/공공기관/공기업,국내 공공기관/공기업,708명,2009.07.23,한국인터넷진흥원,3.82
한국인프라(주),T1_워라밸복지,0.191489362,0.127659575,0.0425531915,0.191489362,0,0.085106383,0.14893617,0.085106383,0.0425531915,0.106382979,0.0638297872,0.106382979,한국인프라,한국인프라(주),솔루션/SI/ERP/CRM,-,34명,-,한국인프라,3.212765957
한국전람(주),T7_성장성부족,0.222222222,0.111111111,0,0.111111111,0,0.111111111,0.111111111,0.111111111,0,0.222222222,0.222222222,0,한국전람,한국전람(주),웨딩/장례/이벤트,-,9명,-,한국전람,2.666666667
한국정보경영평가(주),T4_열악한근무환경,0.27027027,0.216216216,0.0540540541,0.189189189,0,0.243243243,0.27027027,0,0,0,0,0.027027027,한국정보경영평가,한국정보경영평가(주),연구소/컨설팅/조사,중소기업,10명,2010.05.25,한국정보경영평가,2.513513514
한국정보인증(주),T7_성장성부족,0.244444444,0.177777778,0.0333333333,0.177777778,0,0.0222222222,0.133333333,0.0444444444,0,0.244444444,0.122222222,0.0444444444,한국정보인증,한국정보인증(주),솔루션/SI/ERP/CRM,중견기업,160명,1999.07.02,한국정보인증,2.966666667
한국정보통신(주),T10_팀바팀부서편차,0.18,0.18,0.153333333,0.106666667,0,0.113333333,0.06,0.106666667,0.02,0.126666667,0.08,0.0533333333,한국정보통신,한국정보통신(주),네트워크/통신/모바일,대기업,201명,1986.05.09,한국정보통신,3.38
한국축산데이터(주),T7_성장성부족,0.223880597,0.134328358,0.0895522388,0.0597014925,0.0298507463,0.0447761194,0.0447761194,0.0298507463,0.0597014925,0.223880597,0.104477612,0.179104478,한국축산데이터,한국축산데이터(주),기타 IT/웹/통신,중소기업,100명,2017.11.20,한국축산데이터,2.850746269
한국태양유전(주),T1_워라밸복지,0.242424242,0.212121212,0.0606060606,0.242424242,0,0.106060606,0.0909090909,0.0303030303,0.0909090909,0.0909090909,0.0757575758,0,한국태양유전,한국태양유전(주),전기/전자/제어,대기업,290명,1973.07.01,한국태양유전,2.272727273
한국투자공사,T10_팀바팀부서편차,0.222222222,0.222222222,0.166666667,0.0777777778,0,0.0555555556,0.0555555556,0.0333333333,0.0888888889,0.166666667,0.0555555556,0.0777777778,한국투자공사,한국투자공사,증권/보험/카드,국내 공공기관/공기업,30명,2006.01.01,한국투자공사,3.644444444
한국투자신탁운용(주),T8_사내정치불공정,0.213333333,0.173333333,0.106666667,0.106666667,0,0.08,0.08,0.0933333333,0.0533333333,0.0266666667,0.213333333,0.0666666667,한국투자신탁운용,한국투자신탁운용(주),증권/보험/카드,대기업,212명,2000.06.26,한국투자신탁운용,3.466666667
한국투자증권(주),T10_팀바팀부서편차,0.173333333,0.173333333,0.106666667,0.126666667,0.0133333333,0.14,0.0666666667,0.16,0.0466666667,0.0466666667,0.1,0.02,한국투자증권,한국투자증권(주),증권/보험/카드,대기업,"2,286명",1974.09.16,한국투자증권,3.08
한국평가데이터(주),T1_워라밸복지,0.22,0.146666667,0.0266666667,0.22,0.18,0.0866666667,0.02,0.06,0.06,0.04,0.146666667,0.0133333333,한국평가데이터,한국평가데이터(주),포털/인터넷/콘텐츠,중견기업,366명,2005.03.10,한국평가데이터,3.493333333
한국필립모리스(주),T2_계약직전환,0.333333333,0.133333333,0.02,0.146666667,0.333333333,0.0533333333,0.1,0,0.02,0.08,0.0733333333,0.04,한국필립모리스,한국필립모리스(주),판매유통,대기업,980명,1989.04.01,한국필립모리스,3.8
한국후지제록스정보시스템(주),T8_사내정치불공정,0.225806452,0.193548387,0.161290323,0.129032258,0.0322580645,0.0322580645,0,0,0.064516129,0.0967741935,0.225806452,0.064516129,한국후지제록스정보시스템,한국후지제록스정보시스템(주),솔루션/SI/ERP/CRM,중소기업,40명,1992.02.01,한국후지제록스정보시스템,2.419354839
한라아이엠에스(주),T11_보상연봉,0.261682243,0.0934579439,0.261682243,0.23364486,0,0.0280373832,0.112149533,0.0373831776,0.00934579439,0.0841121495,0.0560747664,0.0841121495,한라아이엠에스,한라아이엠에스(주),조선/항공/우주,중소기업,155명,1989.01.04,한라아이엠에스,2.878504673
한미테크윈(주),T1_워라밸복지,0.2,0.133333333,0.0333333333,0.2,0,0.166666667,0.0666666667,0.0333333333,0.0666666667,0.0333333333,0.133333333,0.133333333,한미테크윈,한미테크윈(주),전기/전자/제어,-,114명,1978.01.04,한미테크윈,2.066666667
한아아이앤티(주),T9_경영진문제,0.176470588,0.0882352941,0.0588235294,0.176470588,0,0.147058823,0.147058823,0.0294117647,0,0.0294117647,0.147058823,0.176470588,한아아이앤티,한아아이앤티(주),판매유통,-,23명,-,한아아이앤티,2.117647059
한화손해사정(주),T1_워라밸복지,0.34,0.0533333333,0.0866666667,0.34,0,0.213333333,0.0533333333,0.0466666667,0.0333333333,0.0466666667,0.106666667,0.02,한화손해사정,한화손해사정(주),증권/보험/카드,대기업,461명,2005.04.01,한화손해사정,2.54
한화투자증권(주),T11_보상연봉,0.313333333,0.16,0.313333333,0.06,0.02,0.04,0.04,0.0733333333,0.0533333333,0.08,0.133333333,0.0266666667,한화투자증권,한화투자증권(주),증권/보험/카드,대기업,"1,037명",1962.07.19,한화투자증권,2.813333333
해마로푸드서비스(주),T10_팀바팀부서편차,0.283333333,0.283333333,0.0166666667,0.0833333333,0.0333333333,0.116666667,0.0333333333,0,0.0166666667,0.2,0.133333333,0.0833333333,해마로푸드서비스,해마로푸드서비스(주),판매유통,중견기업,200명,2004.02.04,해마로푸드서비스,3.166666667
해양오릭스(주),T1_워라밸복지,0.6,0,0.25,0.6,0,0.05,0.05,0,0,0.05,0,0,해양오릭스,해양오릭스(주),전기/전자/제어,중소기업,30명,1973.01.09,해양오릭스,1.95
해태에이치티비(주),T4_열악한근무환경,0.184397163,0.0638297872,0.156028369,0.177304964,0.0496453901,0.163120567,0.184397163,0.0496453901,0.00709219858,0.0992907801,0.0496453901,0,해태에이치티비,해태에이치티비(주),식품가공/개발,-,799명,1999.11.23,해태에이치티비,3.191489362
해태제과식품(주),T11_보상연봉,0.38,0.04,0.38,0.153333333,0,0.113333333,0.0866666667,0.0266666667,0.00666666667,0.0866666667,0.06,0.0466666667,해태제과식품,해태제과식품(주),식품가공/개발,대기업,"2,295명",2001.07.11,해태제과식품,2.54
현대건설(주),T1_워라밸복지,0.2,0.1,0.08,0.2,0.0666666667,0.1,0.14,0.133333333,0,0.08,0.0533333333,0.0466666667,현대건설,현대건설(주),건설/건축/토목/시공,대기업,"5,368명",1950.01.10,현대건설,3.34
현대글로비스(주),T1_워라밸복지,0.166666667,0.133333333,0.08,0.166666667,0.02,0.113333333,0.0466666667,0.0733333333,0.0866666667,0.0933333333,0.106666667,0.08,현대글로비스,현대글로비스(주),운송/운수/물류,대기업,"1,119명",2001.02.22,현대글로비스,3.72
현대라이프생명보험(주),T10_팀바팀부서편차,0.251798561,0.251798561,0.107913669,0.0647482014,0.0647482014,0.0575539568,0.0647482014,0.0503597122,0.0071942446,0.179856115,0.0647482014,0.0863309353,현대라이프생명보험,현대라이프생명보험(주),증권/보험/카드,대기업,660명,2003.04.17,현대라이프생명보험,2.589928058
현대로템(주),T11_보상연봉,0.166666667,0.0933333333,0.166666667,0.14,0.0333333333,0.0533333333,0.1,0.153333333,0.06,0.0466666667,0.113333333,0.04,현대로템,현대로템(주),기계/설비/자동차,대기업,"3,940명",1999.07.01,현대로템,3.28
현대모비스(주),T1_워라밸복지,0.288461539,0.173076923,0.0384615385,0.288461539,0.0961538461,0,0.134615385,0.0576923077,0.0192307692,0.0384615385,0.0961538461,0.0576923077,현대모비스,현대모비스(주),기계/설비/자동차,대기업,"11,000명",1977.07.01,현대모비스,4.307692308
현대바이오사이언스(주),T8_사내정치불공정,0.208333333,0.152777778,0.0555555556,0.166666667,0,0.0833333333,0.0277777778,0,0.0277777778,0.111111111,0.208333333,0.166666667,현대바이오사이언스,현대바이오사이언스(주),석유/화학/에너지,-,56명,2000.05.25,현대바이오사이언스,2.388888889
현대비앤지스틸(주),T4_열악한근무환경,0.193333333,0.106666667,0.113333333,0.0733333333,0.00666666667,0.12,0.193333333,0.186666667,0.00666666667,0.12,0.04,0.0333333333,현대비앤지스틸,현대비앤지스틸(주),금속/재료/철강/요업,대기업,440명,1966.04.07,현대비앤지스틸,2.853333333
현대산기(주),T1_워라밸복지,0.363636364,0.0909090909,0.318181818,0.363636364,0,0.0454545455,0,0.0909090909,0,0.0454545455,0.0454545455,0,현대산기,현대산기(주),기계/설비/자동차,중소기업,118명,1996.07.03,현대산기,2.045454545
현대산업개발(주),T1_워라밸복지,0.2,0.153333333,0.12,0.2,0.106666667,0.106666667,0.06,0.0666666667,0.0333333333,0.0733333333,0.0733333333,0.00666666667,현대산업개발,현대산업개발(주),건설/건축/토목/시공,대기업,"1,561명",1977.10.14,현대산업개발,3.14
현대삼호중공업(주),T4_열악한근무환경,0.571428571,0.0952380952,0.0238095238,0.166666667,0.0238095238,0.0238095238,0.571428571,0.0476190476,0,0.0238095238,0.0238095238,0,현대삼호중공업,현대삼호중공업(주),조선/항공/우주,대기업,"4,378명",1998.11.04,현대삼호중공업,3.5
현대성우오토모티브코리아(주),T9_경영진문제,0.222222222,0.0793650794,0.0793650794,0.111111111,0,0.0793650794,0.0793650794,0.0793650794,0.0317460318,0.126984127,0.111111111,0.222222222,현대성우오토모티브코리아,현대성우오토모티브코리아(주),연구소/컨설팅/조사,대기업,"1,243명",1987.05.02,현대성우오토모티브코리아,2.26984127
현대스틸산업(주),T8_사내정치불공정,0.298245614,0.0350877193,0.0175438597,0.0701754386,0.0701754386,0.175438596,0.210526316,0.0701754386,0.0175438597,0.0175438597,0.298245614,0.0175438597,현대스틸산업,현대스틸산업(주),건설/건축/토목/시공,대기업,161명,2001.04.02,현대스틸산업,2.035087719
현대시멘트(주),T1_워라밸복지,0.269230769,0.230769231,0.0384615385,0.269230769,0,0,0.269230769,0.115384615,0,0,0.0769230769,0,현대시멘트,현대시멘트(주),금속/재료/철강/요업,대기업,364명,1969.12.30,현대시멘트,3.307692308
현대아이에이치엘(주),T1_워라밸복지,0.16,0.1,0.08,0.16,0.0733333333,0.113333333,0.0466666667,0.06,0.06,0.0866666667,0.133333333,0.0866666667,현대아이에이치엘,현대아이에이치엘(주),기계/설비/자동차,대기업,651명,1995.07.01,현대아이에이치엘,2.76
현대약품(주),T7_성장성부족,0.206666667,0.0866666667,0.106666667,0.0866666667,0,0.12,0.0666666667,0.0333333333,0.113333333,0.206666667,0.08,0.1,현대약품,현대약품(주),제약/보건/바이오,대기업,421명,1965.07.16,현대약품,2.966666667
현대에이치디에스(주),T11_보상연봉,0.206666667,0.113333333,0.206666667,0.14,0,0.0666666667,0.0866666667,0.0533333333,0.0333333333,0.106666667,0.18,0.0133333333,현대에이치디에스,현대에이치디에스(주),솔루션/SI/ERP/CRM,대기업,333명,1994.08.01,현대에이치디에스,3.273333333
현대에이치앤에스(주),T5_군대식조직문화,0.25,0.0833333333,0.111111111,0.0833333333,0.0277777778,0.0277777778,0.0555555556,0.25,0,0.222222222,0.0833333333,0.0555555556,현대에이치앤에스,현대에이치앤에스(주),판매유통,대기업,132명,2009.04.01,현대에이치앤에스,3.5
현대엔지니어링(주),T10_팀바팀부서편차,0.146666667,0.146666667,0.0866666667,0.106666667,0.04,0.1,0.0933333333,0.08,0.04,0.106666667,0.126666667,0.0733333333,현대엔지니어링,현대엔지니어링(주),건설/건축/토목/시공,대기업,"5,701명",1974.02.11,현대엔지니어링,3.246666667
현대엘리베이터(주),T5_군대식조직문화,0.186666667,0.14,0.08,0.0933333333,0.00666666667,0.106666667,0.0866666667,0.186666667,0.04,0.1,0.126666667,0.0333333333,현대엘리베이터,현대엘리베이터(주),기계/설비/자동차,대기업,"1,464명",1984.05.23,현대엘리베이터,3.466666667
현대엠시트(주),T1_워라밸복지,0.268817204,0.0215053763,0.0860215054,0.268817204,0.193548387,0.11827957,0.129032258,0.0107526882,0,0.0430107527,0.0967741935,0.0322580645,현대엠시트,현대엠시트(주),가구/목재/제지,대기업,362명,2002.01.01,현대엠시트,3.150537634
현대엠엔소프트(주),T1_워라밸복지,0.231292517,0.0952380952,0.0884353741,0.231292517,0.00680272109,0.176870748,0.0476190476,0.0680272109,0.0612244898,0.12244898,0.0952380952,0.00680272109,현대엠엔소프트,현대엠엔소프트(주),솔루션/SI/ERP/CRM,대기업,450명,1998.12.15,현대엠엔소프트,2.986394558
현대오토에버(주),T10_팀바팀부서편차,0.233333333,0.233333333,0.166666667,0.0933333333,0,0.14,0.0266666667,0.0266666667,0.0133333333,0.126666667,0.133333333,0.04,현대오토에버,현대오토에버(주),IT컨설팅,대기업,"2,679명",2000.04.10,현대오토에버,3.766666667
현대오트론(주),T7_성장성부족,0.213333333,0.153333333,0.166666667,0.106666667,0,0.0733333333,0.06,0.0133333333,0.0133333333,0.213333333,0.14,0.06,현대오트론,현대오트론(주),전기/전자/제어,대기업 계열사/자회사,-,2012.04.01,현대오트론,2.933333333
현대위아(주),T5_군대식조직문화,0.166666667,0.12,0.08,0.0866666667,0.0333333333,0.0666666667,0.12,0.166666667,0.0533333333,0.126666667,0.1,0.0466666667,현대위아,현대위아(주),기계/설비/자동차,대기업,"2,878명",1976.03.29,현대위아,3.353333333
현대이엔티(주),T11_보상연봉,0.338983051,0.0169491525,0.338983051,0.13559322,0.0338983051,0.0847457627,0.118644068,0.0169491525,0.0508474576,0.101694915,0.101694915,0,현대이엔티,현대이엔티(주),전기/전자/제어,중소기업,20명,2007.02.27,현대이엔티,2.203389831
현대인베스트먼트자산운용(주),T11_보상연봉,0.272727273,0.272727273,0.272727273,0.0303030303,0,0.0606060606,0.0606060606,0.0606060606,0,0.0909090909,0.0909090909,0.0606060606,현대인베스트먼트자산운용,현대인베스트먼트자산운용(주),기타 금융,중소기업,85명,2000.07.25,현대인베스트먼트자산운용,3.151515152
현대자동차(주),T1_워라밸복지,0.173333333,0.153333333,0.113333333,0.173333333,0.0466666667,0.08,0.113333333,0.0666666667,0.0266666667,0.0933333333,0.0866666667,0.0466666667,현대자동차,현대자동차(주),기계/설비/자동차,대기업,71666명,1969.12.29,현대자동차,4.166666667
현대정보기술(주),T1_워라밸복지,0.174825175,0.0699300699,0.104895105,0.174825175,0,0.0979020979,0.0769230769,0.0489510489,0.034965035,0.167832168,0.13986014,0.0839160839,현대정보기술,현대정보기술(주),IT컨설팅,대기업,619명,1989.05.15,현대정보기술,2.594405594
현대제철(주),T4_열악한근무환경,0.273333333,0.0866666667,0.0466666667,0.133333333,0.00666666667,0.14,0.273333333,0.1,0.0333333333,0.0266666667,0.0733333333,0.08,현대제철,현대제철(주),금속/재료/철강/요업,대기업,"10,838명",1964.10.10,현대제철,3.4
현대종합금속(주),T11_보상연봉,0.166666667,0.0933333333,0.166666667,0.126666667,0.0266666667,0.0466666667,0.08,0.08,0.0933333333,0.0866666667,0.14,0.06,현대종합금속,현대종합금속(주),금속/재료/철강/요업,대기업,847명,1975.09.03,현대종합금속,2.706666667
현대종합상사(주),T3_업무강도편차,0.146666667,0.14,0.0133333333,0.14,0,0.146666667,0.0333333333,0.113333333,0.14,0.0933333333,0.126666667,0.0533333333,현대종합상사,현대종합상사(주),판매유통,대기업,363명,1976.12.08,현대종합상사,2.793333333
현대카드(주),T2_계약직전환,0.2,0.173333333,0.0266666667,0.133333333,0.2,0.14,0.0733333333,0.0466666667,0.0666666667,0.00666666667,0.113333333,0.02,현대카드,현대카드(주),대출/캐피탈/여신,대기업,"1,994명",1984.10.02,현대카드,3.306666667
현대캐피탈(주),T2_계약직전환,0.326666667,0.126666667,0.0333333333,0.08,0.326666667,0.12,0.0466666667,0.113333333,0.02,0.0466666667,0.0666666667,0.02,현대캐피탈,현대캐피탈(주),대출/캐피탈/여신,대기업,"2,618명",1993.12.22,현대캐피탈,3.586666667
현대커머셜(주),T2_계약직전환,0.26,0.12,0.0266666667,0.173333333,0.26,0.133333333,0.0666666667,0.04,0.0266666667,0.0333333333,0.08,0.04,현대커머셜,현대커머셜(주),대출/캐피탈/여신,대기업,461명,2007.04.01,현대커머셜,3.02
현대통신(주),T3_업무강도편차,0.162162162,0.108108108,0.148648649,0.0810810811,0,0.162162162,0.0675675676,0.0405405405,0.0540540541,0.027027027,0.162162162,0.148648649,현대통신,현대통신(주),전기/전자/제어,중소기업,113명,1998.04.25,현대통신,2.824324324
현대트랜시스(주),T2_계약직전환,0.213333333,0.0866666667,0.106666667,0.153333333,0.213333333,0.0466666667,0.2,0.04,0,0.106666667,0.0266666667,0.02,현대트랜시스,현대트랜시스(주),기계/설비/자동차,대기업,"7,291명",1999.12.28,현대트랜시스,3.686666667
현대파워시스템(주),T1_워라밸복지,0.289473684,0.131578947,0.052631579,0.289473684,0,0.236842105,0.052631579,0.052631579,0.052631579,0.0263157895,0.0263157895,0.0789473684,현대파워시스템,현대파워시스템(주),전기/전자/제어,중소기업,40명,1993.01.01,현대파워시스템,2.578947368
현대파워텍(주),T1_워라밸복지,0.226666667,0.1,0.06,0.226666667,0.00666666667,0.173333333,0.126666667,0.14,0.0266666667,0.0733333333,0.0533333333,0.0133333333,현대파워텍,현대파워텍(주),기계/설비/자동차,대기업,"1,871명",2001.03.14,현대파워텍,3.313333333
현대하이라이프손해사정(주),T1_워라밸복지,0.346666667,0.04,0.0666666667,0.346666667,0.02,0.28,0.0666666667,0.0266666667,0.00666666667,0.0466666667,0.08,0.02,현대하이라이프손해사정,현대하이라이프손해사정(주),증권/보험/카드,대기업,927명,2002.06.20,현대하이라이프손해사정,2.633333333
현대하이스코(주),T5_군대식조직문화,0.24137931,0.0689655172,0.0862068965,0.120689655,0.0172413793,0.0689655172,0.120689655,0.24137931,0.0344827586,0.224137931,0.0172413793,0,현대하이스코,현대하이스코(주),금속/재료/철강/요업,대기업,357명,1975.03.18,현대하이스코,3.931034483
현대하이카손해사정(주),T3_업무강도편차,0.307692308,0.0854700855,0.153846154,0.205128205,0.0256410256,0.307692308,0.0341880342,0.094017094,0.0170940171,0.00854700855,0.0512820513,0.0170940171,현대하이카손해사정,현대하이카손해사정(주),증권/보험/카드,대기업,778명,1990.02.22,현대하이카손해사정,3.47008547
현대하이텍(주),T1_워라밸복지,0.538461539,0.0384615385,0.0384615385,0.538461539,0,0.0769230769,0.153846154,0,0.0384615385,0.0384615385,0.0769230769,0,현대하이텍,현대하이텍(주),기계/설비/자동차,-,65명,-,현대하이텍,1.5
현대해상화재보험(주),T10_팀바팀부서편차,0.2,0.2,0.1,0.0933333333,0.0333333333,0.14,0.0466666667,0.06,0.00666666667,0.133333333,0.133333333,0.0533333333,현대해상화재보험,현대해상화재보험(주),증권/보험/카드,대기업,"3,212명",1955.03.05,현대해상화재보험,4.093333333
홍콩상하이은행서울지점,T11_보상연봉,0.213333333,0.106666667,0.213333333,0.14,0.0666666667,0.12,0.0733333333,0.0533333333,0.0133333333,0.04,0.16,0.0133333333,홍콩상하이은행서울지점,홍콩상하이은행서울지점,은행/금융/저축,대기업,770명,1984.12.10,홍콩상하이은행서울지점,2.673333333
화인메트로병원,T1_워라밸복지,0.304347826,0.0434782609,0.304347826,0.304347826,0,0.0434782609,0.173913044,0.0434782609,0,0.0434782609,0,0.0434782609,화인메트로병원,화인메트로병원,의료,-,136명,2006.11.18,화인메트로병원,1.826086957
화일약품(주),T11_보상연봉,0.583333333,0.0208333333,0.583333333,0.0208333333,0,0,0,0,0,0.0416666667,0.166666667,0.166666667,화일약품,화일약품(주),제약/보건/바이오,중견기업,140명,1980.11.18,화일약품,2.833333333
